Number,Jar Number,Museum_number,PhD Tag,Species_name,Common Name,Field Collection ID,Collecting_site,Province,Country,GPS Coordinates,Collecting_year,Collecting_month,Collectiing_date,Observations,Photograph,Tagged,Dissection_date,Collector,Sex,Standard_length,Gonopodium_length,Wet-mass,Reproductive_state,Brood_number,Embryo_stage,Embryo _count,Stomach,Dry_mass,Brood_dry_mass,Brood_dry_mass_total,Season,,,,,,,,,,,,,,,,,,,,,,,,,,,,,,,,,,,,,,,,,,,,,,,,,,,,,,,,,,,,,,,,,,,,,,,,,,,,,,,,,,,,,,,
,,154937,None,Priapichthys annectens,Olomina,11-Jun,Quebrada Hormiguero,Guanacaste,Costa Rica,N 10o 41.454 W 85o 05.019,2006,February,2/11/06,Museum tags in jar but not individually attached.,YES,YES,,Maren Callaway,1,23.7,7.2,,,,,,,,,,DRY,,,,,,,,,,,,,,,,,,,,,,,,,,,,,,,,,,,,,,,,,,,,,,,,,,,,,,,,,,,,,,,,,,,,,,,,,,,,,,,,,,,,,,,
,,154938,None,Priapichthys annectens,Olomina,11-Jun,Quebrada Hormiguero,Guanacaste,Costa Rica,N 10o 41.454 W 85o 05.019,2006,February,2/11/06,Museum tags in jar but not individually attached.,YES,YES,,Maren Callaway,1,26,11.6,,,,,,,,,,DRY,,,,,,,,,,,,,,,,,,,,,,,,,,,,,,,,,,,,,,,,,,,,,,,,,,,,,,,,,,,,,,,,,,,,,,,,,,,,,,,,,,,,,,,
,,154939,None,Priapichthys annectens,Olomina,11-Jun,Quebrada Hormiguero,Guanacaste,Costa Rica,N 10o 41.454 W 85o 05.019,2006,February,2/11/06,Museum tags in jar but not individually attached.,YES,YES,,Maren Callaway,1,22.1,10.8,,,,,,,,,,DRY,,,,,,,,,,,,,,,,,,,,,,,,,,,,,,,,,,,,,,,,,,,,,,,,,,,,,,,,,,,,,,,,,,,,,,,,,,,,,,,,,,,,,,,
,,154940,None,Priapichthys annectens,Olomina,11-Jun,Quebrada Hormiguero,Guanacaste,Costa Rica,N 10o 41.454 W 85o 05.019,2006,February,2/11/06,Museum tags in jar but not individually attached.,YES,YES,,Maren Callaway,1,25.1,9.7,,,,,,,,,,DRY,,,,,,,,,,,,,,,,,,,,,,,,,,,,,,,,,,,,,,,,,,,,,,,,,,,,,,,,,,,,,,,,,,,,,,,,,,,,,,,,,,,,,,,
,,154941,None,Priapichthys annectens,Olomina,11-Jun,Quebrada Hormiguero,Guanacaste,Costa Rica,N 10o 41.454 W 85o 05.019,2006,February,2/11/06,Museum tags in jar but not individually attached.,YES,YES,,Maren Callaway,1,22.9,9.4,,,,,,,,,,DRY,,,,,,,,,,,,,,,,,,,,,,,,,,,,,,,,,,,,,,,,,,,,,,,,,,,,,,,,,,,,,,,,,,,,,,,,,,,,,,,,,,,,,,,
,,154943,None,Priapichthys annectens,Olomina,11-Jun,Quebrada Hormiguero,Guanacaste,Costa Rica,N 10o 41.454 W 85o 05.019,2006,February,2/11/06,Museum tags in jar but not individually attached.,YES,YES,,Maren Callaway,1,26.1,12.3,,,,,,,,,,DRY,,,,,,,,,,,,,,,,,,,,,,,,,,,,,,,,,,,,,,,,,,,,,,,,,,,,,,,,,,,,,,,,,,,,,,,,,,,,,,,,,,,,,,,
,,154944,None,Priapichthys annectens,Olomina,11-Jun,Quebrada Hormiguero,Guanacaste,Costa Rica,N 10o 41.454 W 85o 05.019,2006,February,2/11/06,Museum tags in jar but not individually attached.,YES,YES,,Maren Callaway,1,22.7,10.7,,,,,,,,,,DRY,,,,,,,,,,,,,,,,,,,,,,,,,,,,,,,,,,,,,,,,,,,,,,,,,,,,,,,,,,,,,,,,,,,,,,,,,,,,,,,,,,,,,,,
,,154945,None,Priapichthys annectens,Olomina,11-Jun,Quebrada Hormiguero,Guanacaste,Costa Rica,N 10o 41.454 W 85o 05.019,2006,February,2/11/06,Museum tags in jar but not individually attached.,YES,YES,,Maren Callaway,1,22.8,7.9,,,,,,,,,,DRY,,,,,,,,,,,,,,,,,,,,,,,,,,,,,,,,,,,,,,,,,,,,,,,,,,,,,,,,,,,,,,,,,,,,,,,,,,,,,,,,,,,,,,,
,,154879,None,Priapichthys annectens,Olomina,4-May,Quebrada Hormiguero,Guanacaste,Costa Rica,N 10o 41.445 W 85o 05.036,2005,January,1/27/05,Includes one small crab. Museum tags in jar but not individually attached.,YES,YES,,Maren Callaway,1,33.1,13.75,,,,,,,,,,DRY,,,,,,,,,,,,,,,,,,,,,,,,,,,,,,,,,,,,,,,,,,,,,,,,,,,,,,,,,,,,,,,,,,,,,,,,,,,,,,,,,,,,,,,
,,154880,None,Priapichthys annectens,Olomina,4-May,Quebrada Hormiguero,Guanacaste,Costa Rica,N 10o 41.445 W 85o 05.036,2005,January,1/27/05,Includes one small crab. Museum tags in jar but not individually attached.,YES,YES,,Maren Callaway,1,24.2,10.7,,,,,,,,,,DRY,,,,,,,,,,,,,,,,,,,,,,,,,,,,,,,,,,,,,,,,,,,,,,,,,,,,,,,,,,,,,,,,,,,,,,,,,,,,,,,,,,,,,,,
,,154881,None,Priapichthys annectens,Olomina,4-May,Quebrada Hormiguero,Guanacaste,Costa Rica,N 10o 41.445 W 85o 05.036,2005,January,1/27/05,Includes one small crab. Museum tags in jar but not individually attached.,YES,YES,,Maren Callaway,1,25.6,11.3,,,,,,,,,,DRY,,,,,,,,,,,,,,,,,,,,,,,,,,,,,,,,,,,,,,,,,,,,,,,,,,,,,,,,,,,,,,,,,,,,,,,,,,,,,,,,,,,,,,,
,,154882,None,Priapichthys annectens,Olomina,4-May,Quebrada Hormiguero,Guanacaste,Costa Rica,N 10o 41.445 W 85o 05.036,2005,January,1/27/05,Includes one small crab. Museum tags in jar but not individually attached.,YES,YES,,Maren Callaway,1,30.7,13.35,,,,,,,,,,DRY,,,,,,,,,,,,,,,,,,,,,,,,,,,,,,,,,,,,,,,,,,,,,,,,,,,,,,,,,,,,,,,,,,,,,,,,,,,,,,,,,,,,,,,
,,154883,None,Priapichthys annectens,Olomina,4-May,Quebrada Hormiguero,Guanacaste,Costa Rica,N 10o 41.445 W 85o 05.036,2005,January,1/27/05,Includes one small crab. Museum tags in jar but not individually attached.,YES,YES,,Maren Callaway,1,32,14.3,,,,,,,,,,DRY,,,,,,,,,,,,,,,,,,,,,,,,,,,,,,,,,,,,,,,,,,,,,,,,,,,,,,,,,,,,,,,,,,,,,,,,,,,,,,,,,,,,,,,
,,154884,None,Priapichthys annectens,Olomina,4-May,Quebrada Hormiguero,Guanacaste,Costa Rica,N 10o 41.445 W 85o 05.036,2005,January,1/27/05,Includes one small crab. Museum tags in jar but not individually attached.,YES,YES,,Maren Callaway,1,32.4,13.4,,,,,,,,,,DRY,,,,,,,,,,,,,,,,,,,,,,,,,,,,,,,,,,,,,,,,,,,,,,,,,,,,,,,,,,,,,,,,,,,,,,,,,,,,,,,,,,,,,,,
,,153951,None,Priapichthys annectens,Olomina,21-Jun,Rio Bijagua,Alajuela,Costa Rica,N 10o 43.887 W 85o 03.318,2006,February,2/15/06,Museum tags in jar but not individually attached.,YES,YES,,Maren Callaway,1,29.5,12.8,,,,,,,,,,DRY,,,,,,,,,,,,,,,,,,,,,,,,,,,,,,,,,,,,,,,,,,,,,,,,,,,,,,,,,,,,,,,,,,,,,,,,,,,,,,,,,,,,,,,
,,153952,None,Priapichthys annectens,Olomina,21-Jun,Rio Bijagua,Alajuela,Costa Rica,N 10o 43.887 W 85o 03.318,2006,February,2/15/06,Museum tags in jar but not individually attached.,YES,YES,,Maren Callaway,1,28,11.6,,,,,,,,,,DRY,,,,,,,,,,,,,,,,,,,,,,,,,,,,,,,,,,,,,,,,,,,,,,,,,,,,,,,,,,,,,,,,,,,,,,,,,,,,,,,,,,,,,,,
,,154037,None,Priapichthys annectens,Olomina,21-Jun,Rio Bijagua,Alajuela,Costa Rica,N 10o 43.887 W 85o 03.318,2006,February,2/15/06,Museum tags in jar but not individually attached.,YES,YES,,Maren Callaway,1,24.5,11.5,,,,,,,,,,DRY,,,,,,,,,,,,,,,,,,,,,,,,,,,,,,,,,,,,,,,,,,,,,,,,,,,,,,,,,,,,,,,,,,,,,,,,,,,,,,,,,,,,,,,
,,154038,None,Priapichthys annectens,Olomina,21-Jun,Rio Bijagua,Alajuela,Costa Rica,N 10o 43.887 W 85o 03.318,2006,February,2/15/06,Museum tags in jar but not individually attached.,YES,YES,,Maren Callaway,1,28.9,13.9,,,,,,,,,,DRY,,,,,,,,,,,,,,,,,,,,,,,,,,,,,,,,,,,,,,,,,,,,,,,,,,,,,,,,,,,,,,,,,,,,,,,,,,,,,,,,,,,,,,,
,,154039,None,Priapichthys annectens,Olomina,21-Jun,Rio Bijagua,Alajuela,Costa Rica,N 10o 43.887 W 85o 03.318,2006,February,2/15/06,Museum tags in jar but not individually attached.,YES,YES,,Maren Callaway,1,29.3,13.8,,,,,,,,,,DRY,,,,,,,,,,,,,,,,,,,,,,,,,,,,,,,,,,,,,,,,,,,,,,,,,,,,,,,,,,,,,,,,,,,,,,,,,,,,,,,,,,,,,,,
,,154040,None,Priapichthys annectens,Olomina,21-Jun,Rio Bijagua,Alajuela,Costa Rica,N 10o 43.887 W 85o 03.318,2006,February,2/15/06,Museum tags in jar but not individually attached.,YES,YES,,Maren Callaway,1,34.5,15.6,,,,,,,,,,DRY,,,,,,,,,,,,,,,,,,,,,,,,,,,,,,,,,,,,,,,,,,,,,,,,,,,,,,,,,,,,,,,,,,,,,,,,,,,,,,,,,,,,,,,
,,154041,None,Priapichthys annectens,Olomina,21-Jun,Rio Bijagua,Alajuela,Costa Rica,N 10o 43.887 W 85o 03.318,2006,February,2/15/06,Museum tags in jar but not individually attached.,YES,YES,,Maren Callaway,1,25.5,12.6,,,,,,,,,,DRY,,,,,,,,,,,,,,,,,,,,,,,,,,,,,,,,,,,,,,,,,,,,,,,,,,,,,,,,,,,,,,,,,,,,,,,,,,,,,,,,,,,,,,,
,,154042,None,Priapichthys annectens,Olomina,21-Jun,Rio Bijagua,Alajuela,Costa Rica,N 10o 43.887 W 85o 03.318,2006,February,2/15/06,Museum tags in jar but not individually attached.,YES,YES,,Maren Callaway,1,29.1,11.4,,,,,,,,,,DRY,,,,,,,,,,,,,,,,,,,,,,,,,,,,,,,,,,,,,,,,,,,,,,,,,,,,,,,,,,,,,,,,,,,,,,,,,,,,,,,,,,,,,,,
,,154043,None,Priapichthys annectens,Olomina,21-Jun,Rio Bijagua,Alajuela,Costa Rica,N 10o 43.887 W 85o 03.318,2006,February,2/15/06,Museum tags in jar but not individually attached.,YES,YES,,Maren Callaway,1,31,14.8,,,,,,,,,,DRY,,,,,,,,,,,,,,,,,,,,,,,,,,,,,,,,,,,,,,,,,,,,,,,,,,,,,,,,,,,,,,,,,,,,,,,,,,,,,,,,,,,,,,,
,,154044,None,Priapichthys annectens,Olomina,21-Jun,Rio Bijagua,Alajuela,Costa Rica,N 10o 43.887 W 85o 03.318,2006,February,2/15/06,Museum tags in jar but not individually attached.,YES,YES,,Maren Callaway,1,25.3,11.9,,,,,,,,,,DRY,,,,,,,,,,,,,,,,,,,,,,,,,,,,,,,,,,,,,,,,,,,,,,,,,,,,,,,,,,,,,,,,,,,,,,,,,,,,,,,,,,,,,,,
,,154045,None,Priapichthys annectens,Olomina,21-Jun,Rio Bijagua,Alajuela,Costa Rica,N 10o 43.887 W 85o 03.318,2006,February,2/15/06,Museum tags in jar but not individually attached.,YES,YES,,Maren Callaway,1,28.3,12.2,,,,,,,,,,DRY,,,,,,,,,,,,,,,,,,,,,,,,,,,,,,,,,,,,,,,,,,,,,,,,,,,,,,,,,,,,,,,,,,,,,,,,,,,,,,,,,,,,,,,
,,154046,None,Priapichthys annectens,Olomina,21-Jun,Rio Bijagua,Alajuela,Costa Rica,N 10o 43.887 W 85o 03.318,2006,February,2/15/06,Museum tags in jar but not individually attached.,YES,YES,,Maren Callaway,1,28.6,13,,,,,,,,,,DRY,,,,,,,,,,,,,,,,,,,,,,,,,,,,,,,,,,,,,,,,,,,,,,,,,,,,,,,,,,,,,,,,,,,,,,,,,,,,,,,,,,,,,,,
,,154047,None,Priapichthys annectens,Olomina,21-Jun,Rio Bijagua,Alajuela,Costa Rica,N 10o 43.887 W 85o 03.318,2006,February,2/15/06,Museum tags in jar but not individually attached.,YES,YES,,Maren Callaway,1,24,10.2,,,,,,,,,,DRY,,,,,,,,,,,,,,,,,,,,,,,,,,,,,,,,,,,,,,,,,,,,,,,,,,,,,,,,,,,,,,,,,,,,,,,,,,,,,,,,,,,,,,,
,,154048,None,Priapichthys annectens,Olomina,21-Jun,Rio Bijagua,Alajuela,Costa Rica,N 10o 43.887 W 85o 03.318,2006,February,2/15/06,Museum tags in jar but not individually attached.,YES,YES,,Maren Callaway,1,33.6,13.6,,,,,,,,,,DRY,,,,,,,,,,,,,,,,,,,,,,,,,,,,,,,,,,,,,,,,,,,,,,,,,,,,,,,,,,,,,,,,,,,,,,,,,,,,,,,,,,,,,,,
,,154049,None,Priapichthys annectens,Olomina,21-Jun,Rio Bijagua,Alajuela,Costa Rica,N 10o 43.887 W 85o 03.318,2006,February,2/15/06,Museum tags in jar but not individually attached.,YES,YES,,Maren Callaway,1,25.6,11.7,,,,,,,,,,DRY,,,,,,,,,,,,,,,,,,,,,,,,,,,,,,,,,,,,,,,,,,,,,,,,,,,,,,,,,,,,,,,,,,,,,,,,,,,,,,,,,,,,,,,
,,155768,None,Priapichthys annectens,Olomina,98-25,Rio Colorado (Upper),Guanacaste,Costa Rica,(no GPS info in field journal),1998,April,4/18/98,"Fish contained in two jars (came from same jar). EtOH resuspended 6/12/08. Ten adult males from this collection sent to Mark Belk @ BYU on 3/24/00. Three of the larger fish are loosing their heads … and it's gross. And finally, museum ID tags are in jar but not individually attached.",YES,YES,,,1,27.7,11.4,,,,,,,,,,WET,,,,,,,,,,,,,,,,,,,,,,,,,,,,,,,,,,,,,,,,,,,,,,,,,,,,,,,,,,,,,,,,,,,,,,,,,,,,,,,,,,,,,,,
,,155440,None,Priapichthys annectens,Olomina,97-21,Rio Colorado (Upper),Guanacaste,Costa Rica,(no GPS info in field journal),1997,May,5/5/97,Museum tags in jar but not individually attached.,YES,YES,,,1,37.5,15.6,,,,,,,,,,WET,,,,,,,,,,,,,,,,,,,,,,,,,,,,,,,,,,,,,,,,,,,,,,,,,,,,,,,,,,,,,,,,,,,,,,,,,,,,,,,,,,,,,,,
,,155442,None,Priapichthys annectens,Olomina,97-21,Rio Colorado (Upper),Guanacaste,Costa Rica,(no GPS info in field journal),1997,May,5/5/97,Museum tags in jar but not individually attached.,YES,YES,,,1,31.5,13.2,,,,,,,,,,WET,,,,,,,,,,,,,,,,,,,,,,,,,,,,,,,,,,,,,,,,,,,,,,,,,,,,,,,,,,,,,,,,,,,,,,,,,,,,,,,,,,,,,,,
,,155443,None,Priapichthys annectens,Olomina,97-21,Rio Colorado (Upper),Guanacaste,Costa Rica,(no GPS info in field journal),1997,May,5/5/97,Museum tags in jar but not individually attached.,YES,YES,,,1,38.3,16,,,,,,,,,,WET,,,,,,,,,,,,,,,,,,,,,,,,,,,,,,,,,,,,,,,,,,,,,,,,,,,,,,,,,,,,,,,,,,,,,,,,,,,,,,,,,,,,,,,
,,155444,None,Priapichthys annectens,Olomina,97-21,Rio Colorado (Upper),Guanacaste,Costa Rica,(no GPS info in field journal),1997,May,5/5/97,Museum tags in jar but not individually attached.,YES,YES,,,1,34.5,14.5,,,,,,,,,,WET,,,,,,,,,,,,,,,,,,,,,,,,,,,,,,,,,,,,,,,,,,,,,,,,,,,,,,,,,,,,,,,,,,,,,,,,,,,,,,,,,,,,,,,
,,155445,None,Priapichthys annectens,Olomina,97-21,Rio Colorado (Upper),Guanacaste,Costa Rica,(no GPS info in field journal),1997,May,5/5/97,Museum tags in jar but not individually attached.,YES,YES,,,1,30.9,13.4,,,,,,,,,,WET,,,,,,,,,,,,,,,,,,,,,,,,,,,,,,,,,,,,,,,,,,,,,,,,,,,,,,,,,,,,,,,,,,,,,,,,,,,,,,,,,,,,,,,
,,155446,None,Priapichthys annectens,Olomina,97-21,Rio Colorado (Upper),Guanacaste,Costa Rica,(no GPS info in field journal),1997,May,5/5/97,Museum tags in jar but not individually attached.,YES,YES,,,1,31.8,13.3,,,,,,,,,,WET,,,,,,,,,,,,,,,,,,,,,,,,,,,,,,,,,,,,,,,,,,,,,,,,,,,,,,,,,,,,,,,,,,,,,,,,,,,,,,,,,,,,,,,
,,155447,None,Priapichthys annectens,Olomina,97-21,Rio Colorado (Upper),Guanacaste,Costa Rica,(no GPS info in field journal),1997,May,5/5/97,Museum tags in jar but not individually attached.,YES,YES,,,1,32.9,15.3,,,,,,,,,,WET,,,,,,,,,,,,,,,,,,,,,,,,,,,,,,,,,,,,,,,,,,,,,,,,,,,,,,,,,,,,,,,,,,,,,,,,,,,,,,,,,,,,,,,
,,155448,None,Priapichthys annectens,Olomina,97-21,Rio Colorado (Upper),Guanacaste,Costa Rica,(no GPS info in field journal),1997,May,5/5/97,Museum tags in jar but not individually attached.,YES,YES,,,1,32.3,13.6,,,,,,,,,,WET,,,,,,,,,,,,,,,,,,,,,,,,,,,,,,,,,,,,,,,,,,,,,,,,,,,,,,,,,,,,,,,,,,,,,,,,,,,,,,,,,,,,,,,
,,155449,None,Priapichthys annectens,Olomina,97-21,Rio Colorado (Upper),Guanacaste,Costa Rica,(no GPS info in field journal),1997,May,5/5/97,Museum tags in jar but not individually attached.,YES,YES,,,1,38.1,15.7,,,,,,,,,,WET,,,,,,,,,,,,,,,,,,,,,,,,,,,,,,,,,,,,,,,,,,,,,,,,,,,,,,,,,,,,,,,,,,,,,,,,,,,,,,,,,,,,,,,
,,155450,None,Priapichthys annectens,Olomina,97-21,Rio Colorado (Upper),Guanacaste,Costa Rica,(no GPS info in field journal),1997,May,5/5/97,Museum tags in jar but not individually attached.,YES,YES,,,1,24.4,11,,,,,,,,,,WET,,,,,,,,,,,,,,,,,,,,,,,,,,,,,,,,,,,,,,,,,,,,,,,,,,,,,,,,,,,,,,,,,,,,,,,,,,,,,,,,,,,,,,,
,,155756,None,Priapichthys annectens,Olomina,97-21,Rio Colorado (Upper),Guanacaste,Costa Rica,(no GPS info in field journal),1997,May,5/5/97,Museum tags in jar but not individually attached.,YES,YES,,,1,31.6,13.8,,,,,,,,,,WET,,,,,,,,,,,,,,,,,,,,,,,,,,,,,,,,,,,,,,,,,,,,,,,,,,,,,,,,,,,,,,,,,,,,,,,,,,,,,,,,,,,,,,,
,,155758,None,Priapichthys annectens,Olomina,97-21,Rio Colorado (Upper),Guanacaste,Costa Rica,(no GPS info in field journal),1997,May,5/5/97,Museum tags in jar but not individually attached.,YES,YES,,,1,33.8,14,,,,,,,,,,WET,,,,,,,,,,,,,,,,,,,,,,,,,,,,,,,,,,,,,,,,,,,,,,,,,,,,,,,,,,,,,,,,,,,,,,,,,,,,,,,,,,,,,,,
,,155759,None,Priapichthys annectens,Olomina,97-21,Rio Colorado (Upper),Guanacaste,Costa Rica,(no GPS info in field journal),1997,May,5/5/97,Museum tags in jar but not individually attached.,YES,YES,,,1,31.6,13.2,,,,,,,,,,WET,,,,,,,,,,,,,,,,,,,,,,,,,,,,,,,,,,,,,,,,,,,,,,,,,,,,,,,,,,,,,,,,,,,,,,,,,,,,,,,,,,,,,,,
,,155761,None,Priapichthys annectens,Olomina,97-21,Rio Colorado (Upper),Guanacaste,Costa Rica,(no GPS info in field journal),1997,May,5/5/97,Museum tags in jar but not individually attached.,YES,YES,,,1,26.5,11.1,,,,,,,,,,WET,,,,,,,,,,,,,,,,,,,,,,,,,,,,,,,,,,,,,,,,,,,,,,,,,,,,,,,,,,,,,,,,,,,,,,,,,,,,,,,,,,,,,,,
,,155766,None,Priapichthys annectens,Olomina,97-21,Rio Colorado (Upper),Guanacaste,Costa Rica,(no GPS info in field journal),1997,May,5/5/97,Museum tags in jar but not individually attached.,YES,YES,,,1,34.7,14.8,,,,,,,,,,WET,,,,,,,,,,,,,,,,,,,,,,,,,,,,,,,,,,,,,,,,,,,,,,,,,,,,,,,,,,,,,,,,,,,,,,,,,,,,,,,,,,,,,,,
,,155402,None,Priapichthys annectens,Olomina,9-Jun,Rio Corocin,Guanacaste,Costa Rica,N 10o 34.919 W 85o 01.171,2006,February,2/11/06,Museum tags in jar but not individually attached.,YES,YES,,Maren Callaway,1,34.5,15.3,,,,,,,,,,DRY,,,,,,,,,,,,,,,,,,,,,,,,,,,,,,,,,,,,,,,,,,,,,,,,,,,,,,,,,,,,,,,,,,,,,,,,,,,,,,,,,,,,,,,
,,155403,None,Priapichthys annectens,Olomina,9-Jun,Rio Corocin,Guanacaste,Costa Rica,N 10o 34.919 W 85o 01.171,2006,February,2/11/06,Museum tags in jar but not individually attached.,YES,YES,,Maren Callaway,1,34.3,14.9,,,,,,,,,,DRY,,,,,,,,,,,,,,,,,,,,,,,,,,,,,,,,,,,,,,,,,,,,,,,,,,,,,,,,,,,,,,,,,,,,,,,,,,,,,,,,,,,,,,,
,,155408,None,Priapichthys annectens,Olomina,9-Jun,Rio Corocin,Guanacaste,Costa Rica,N 10o 34.919 W 85o 01.171,2006,February,2/11/06,Museum tags in jar but not individually attached.,YES,YES,,Maren Callaway,1,35.5,15.8,,,,,,,,,,DRY,,,,,,,,,,,,,,,,,,,,,,,,,,,,,,,,,,,,,,,,,,,,,,,,,,,,,,,,,,,,,,,,,,,,,,,,,,,,,,,,,,,,,,,
,,155409,None,Priapichthys annectens,Olomina,9-Jun,Rio Corocin,Guanacaste,Costa Rica,N 10o 34.919 W 85o 01.171,2006,February,2/11/06,Museum tags in jar but not individually attached.,YES,YES,,Maren Callaway,1,28.4,12.9,,,,,,,,,,DRY,,,,,,,,,,,,,,,,,,,,,,,,,,,,,,,,,,,,,,,,,,,,,,,,,,,,,,,,,,,,,,,,,,,,,,,,,,,,,,,,,,,,,,,
,,155416,None,Priapichthys annectens,Olomina,9-Jun,Rio Corocin,Guanacaste,Costa Rica,N 10o 34.919 W 85o 01.171,2006,February,2/11/06,Museum tags in jar but not individually attached.,YES,YES,,Maren Callaway,1,31.5,10.6,,,,,,,,,,DRY,,,,,,,,,,,,,,,,,,,,,,,,,,,,,,,,,,,,,,,,,,,,,,,,,,,,,,,,,,,,,,,,,,,,,,,,,,,,,,,,,,,,,,,
,,155417,None,Priapichthys annectens,Olomina,9-Jun,Rio Corocin,Guanacaste,Costa Rica,N 10o 34.919 W 85o 01.171,2006,February,2/11/06,Museum tags in jar but not individually attached.,YES,YES,,Maren Callaway,1,27.5,12.9,,,,,,,,,,DRY,,,,,,,,,,,,,,,,,,,,,,,,,,,,,,,,,,,,,,,,,,,,,,,,,,,,,,,,,,,,,,,,,,,,,,,,,,,,,,,,,,,,,,,
,,155421,None,Priapichthys annectens,Olomina,9-Jun,Rio Corocin,Guanacaste,Costa Rica,N 10o 34.919 W 85o 01.171,2006,February,2/11/06,Museum tags in jar but not individually attached.,YES,YES,,Maren Callaway,1,30.5,13.4,,,,,,,,,,DRY,,,,,,,,,,,,,,,,,,,,,,,,,,,,,,,,,,,,,,,,,,,,,,,,,,,,,,,,,,,,,,,,,,,,,,,,,,,,,,,,,,,,,,,
,,155423,None,Priapichthys annectens,Olomina,9-Jun,Rio Corocin,Guanacaste,Costa Rica,N 10o 34.919 W 85o 01.171,2006,February,2/11/06,Museum tags in jar but not individually attached.,YES,YES,,Maren Callaway,1,33.1,13.1,,,,,,,,,,DRY,,,,,,,,,,,,,,,,,,,,,,,,,,,,,,,,,,,,,,,,,,,,,,,,,,,,,,,,,,,,,,,,,,,,,,,,,,,,,,,,,,,,,,,
,,155434,None,Priapichthys annectens,Olomina,9-Jun,Rio Corocin,Guanacaste,Costa Rica,N 10o 34.919 W 85o 01.171,2006,February,2/11/06,Museum tags in jar but not individually attached.,YES,YES,,Maren Callaway,1,32.1,12.3,,,,,,,,,,DRY,,,,,,,,,,,,,,,,,,,,,,,,,,,,,,,,,,,,,,,,,,,,,,,,,,,,,,,,,,,,,,,,,,,,,,,,,,,,,,,,,,,,,,,
,,155401,None,Priapichthys annectens,Olomina,9-Jun,Rio Corocin,Guanacaste,Costa Rica,N 10o 34.919 W 85o 01.171,2006,February,2/11/06,Museum tags in jar but not individually attached.,YES,YES,,,1,37.8,16,,,,,,,,,,DRY,,,,,,,,,,,,,,,,,,,,,,,,,,,,,,,,,,,,,,,,,,,,,,,,,,,,,,,,,,,,,,,,,,,,,,,,,,,,,,,,,,,,,,,
,,155404,None,Priapichthys annectens,Olomina,9-Jun,Rio Corocin,Guanacaste,Costa Rica,N 10o 34.919 W 85o 01.171,2006,February,2/11/06,Museum tags in jar but not individually attached.,YES,YES,,,1,34.7,12.4,,,,,,,,,,DRY,,,,,,,,,,,,,,,,,,,,,,,,,,,,,,,,,,,,,,,,,,,,,,,,,,,,,,,,,,,,,,,,,,,,,,,,,,,,,,,,,,,,,,,
,,155407,None,Priapichthys annectens,Olomina,9-Jun,Rio Corocin,Guanacaste,Costa Rica,N 10o 34.919 W 85o 01.171,2006,February,2/11/06,Museum tags in jar but not individually attached.,YES,YES,,,1,32.7,13,,,,,,,,,,DRY,,,,,,,,,,,,,,,,,,,,,,,,,,,,,,,,,,,,,,,,,,,,,,,,,,,,,,,,,,,,,,,,,,,,,,,,,,,,,,,,,,,,,,,
,,155411,None,Priapichthys annectens,Olomina,9-Jun,Rio Corocin,Guanacaste,Costa Rica,N 10o 34.919 W 85o 01.171,2006,February,2/11/06,Museum tags in jar but not individually attached.,YES,YES,,,1,34,10.8,,,,,,,,,,DRY,,,,,,,,,,,,,,,,,,,,,,,,,,,,,,,,,,,,,,,,,,,,,,,,,,,,,,,,,,,,,,,,,,,,,,,,,,,,,,,,,,,,,,,
,,155412,None,Priapichthys annectens,Olomina,9-Jun,Rio Corocin,Guanacaste,Costa Rica,N 10o 34.919 W 85o 01.171,2006,February,2/11/06,Museum tags in jar but not individually attached.,YES,YES,,,1,37.7,15.5,,,,,,,,,,DRY,,,,,,,,,,,,,,,,,,,,,,,,,,,,,,,,,,,,,,,,,,,,,,,,,,,,,,,,,,,,,,,,,,,,,,,,,,,,,,,,,,,,,,,
,,155413,None,Priapichthys annectens,Olomina,9-Jun,Rio Corocin,Guanacaste,Costa Rica,N 10o 34.919 W 85o 01.171,2006,February,2/11/06,Museum tags in jar but not individually attached.,YES,YES,,,1,27.5,9.8,,,,,,,,,,DRY,,,,,,,,,,,,,,,,,,,,,,,,,,,,,,,,,,,,,,,,,,,,,,,,,,,,,,,,,,,,,,,,,,,,,,,,,,,,,,,,,,,,,,,
,,155414,None,Priapichthys annectens,Olomina,9-Jun,Rio Corocin,Guanacaste,Costa Rica,N 10o 34.919 W 85o 01.171,2006,February,2/11/06,Museum tags in jar but not individually attached.,YES,YES,,,1,37.8,16.7,,,,,,,,,,DRY,,,,,,,,,,,,,,,,,,,,,,,,,,,,,,,,,,,,,,,,,,,,,,,,,,,,,,,,,,,,,,,,,,,,,,,,,,,,,,,,,,,,,,,
,,155415,None,Priapichthys annectens,Olomina,9-Jun,Rio Corocin,Guanacaste,Costa Rica,N 10o 34.919 W 85o 01.171,2006,February,2/11/06,Museum tags in jar but not individually attached.,YES,YES,,,1,35.4,15.2,,,,,,,,,,DRY,,,,,,,,,,,,,,,,,,,,,,,,,,,,,,,,,,,,,,,,,,,,,,,,,,,,,,,,,,,,,,,,,,,,,,,,,,,,,,,,,,,,,,,
,,155418,None,Priapichthys annectens,Olomina,9-Jun,Rio Corocin,Guanacaste,Costa Rica,N 10o 34.919 W 85o 01.171,2006,February,2/11/06,Museum tags in jar but not individually attached.,YES,YES,,,1,33.1,15,,,,,,,,,,DRY,,,,,,,,,,,,,,,,,,,,,,,,,,,,,,,,,,,,,,,,,,,,,,,,,,,,,,,,,,,,,,,,,,,,,,,,,,,,,,,,,,,,,,,
,,155420,None,Priapichthys annectens,Olomina,9-Jun,Rio Corocin,Guanacaste,Costa Rica,N 10o 34.919 W 85o 01.171,2006,February,2/11/06,Museum tags in jar but not individually attached.,YES,YES,,,1,28.4,11,,,,,,,,,,DRY,,,,,,,,,,,,,,,,,,,,,,,,,,,,,,,,,,,,,,,,,,,,,,,,,,,,,,,,,,,,,,,,,,,,,,,,,,,,,,,,,,,,,,,
,,155422,None,Priapichthys annectens,Olomina,9-Jun,Rio Corocin,Guanacaste,Costa Rica,N 10o 34.919 W 85o 01.171,2006,February,2/11/06,Museum tags in jar but not individually attached.,YES,YES,,,1,34.5,13.9,,,,,,,,,,DRY,,,,,,,,,,,,,,,,,,,,,,,,,,,,,,,,,,,,,,,,,,,,,,,,,,,,,,,,,,,,,,,,,,,,,,,,,,,,,,,,,,,,,,,
,,155427,None,Priapichthys annectens,Olomina,9-Jun,Rio Corocin,Guanacaste,Costa Rica,N 10o 34.919 W 85o 01.171,2006,February,2/11/06,Museum tags in jar but not individually attached.,YES,YES,,,1,29.1,11.6,,,,,,,,,,DRY,,,,,,,,,,,,,,,,,,,,,,,,,,,,,,,,,,,,,,,,,,,,,,,,,,,,,,,,,,,,,,,,,,,,,,,,,,,,,,,,,,,,,,,
,,155428,None,Priapichthys annectens,Olomina,9-Jun,Rio Corocin,Guanacaste,Costa Rica,N 10o 34.919 W 85o 01.171,2006,February,2/11/06,Museum tags in jar but not individually attached.,YES,YES,,,1,36.9,14.6,,,,,,,,,,DRY,,,,,,,,,,,,,,,,,,,,,,,,,,,,,,,,,,,,,,,,,,,,,,,,,,,,,,,,,,,,,,,,,,,,,,,,,,,,,,,,,,,,,,,
,,155432,None,Priapichthys annectens,Olomina,9-Jun,Rio Corocin,Guanacaste,Costa Rica,N 10o 34.919 W 85o 01.171,2006,February,2/11/06,Museum tags in jar but not individually attached.,YES,YES,,,1,28.1,10,,,,,,,,,,DRY,,,,,,,,,,,,,,,,,,,,,,,,,,,,,,,,,,,,,,,,,,,,,,,,,,,,,,,,,,,,,,,,,,,,,,,,,,,,,,,,,,,,,,,
,,155433,None,Priapichthys annectens,Olomina,9-Jun,Rio Corocin,Guanacaste,Costa Rica,N 10o 34.919 W 85o 01.171,2006,February,2/11/06,Museum tags in jar but not individually attached.,YES,YES,,,1,26.5,9.7,,,,,,,,,,DRY,,,,,,,,,,,,,,,,,,,,,,,,,,,,,,,,,,,,,,,,,,,,,,,,,,,,,,,,,,,,,,,,,,,,,,,,,,,,,,,,,,,,,,,
,,155435,None,Priapichthys annectens,Olomina,9-Jun,Rio Corocin,Guanacaste,Costa Rica,N 10o 34.919 W 85o 01.171,2006,February,2/11/06,Museum tags in jar but not individually attached.,YES,YES,,,1,29.1,11.2,,,,,,,,,,DRY,,,,,,,,,,,,,,,,,,,,,,,,,,,,,,,,,,,,,,,,,,,,,,,,,,,,,,,,,,,,,,,,,,,,,,,,,,,,,,,,,,,,,,,
,,155436,None,Priapichthys annectens,Olomina,9-Jun,Rio Corocin,Guanacaste,Costa Rica,N 10o 34.919 W 85o 01.171,2006,February,2/11/06,Museum tags in jar but not individually attached.,YES,YES,,,1,36.3,14.5,,,,,,,,,,DRY,,,,,,,,,,,,,,,,,,,,,,,,,,,,,,,,,,,,,,,,,,,,,,,,,,,,,,,,,,,,,,,,,,,,,,,,,,,,,,,,,,,,,,,
,,154614,None,Priapichthys annectens,Olomina,29-Jun,Rio Esquivalto,Guanacaste,Costa Rica,N 10o 41.231 W 85o 04.002,2006,May,5/6/06,Museum tags in jar but not individually attached.,YES,YES,,Maren Callaway,1,31.2,14.5,,,,,,,,,,WET,,,,,,,,,,,,,,,,,,,,,,,,,,,,,,,,,,,,,,,,,,,,,,,,,,,,,,,,,,,,,,,,,,,,,,,,,,,,,,,,,,,,,,,
,,154615,None,Priapichthys annectens,Olomina,29-Jun,Rio Esquivalto,Guanacaste,Costa Rica,N 10o 41.231 W 85o 04.002,2006,May,5/6/06,Museum tags in jar but not individually attached.,YES,YES,,Maren Callaway,1,34.3,16,,,,,,,,,,WET,,,,,,,,,,,,,,,,,,,,,,,,,,,,,,,,,,,,,,,,,,,,,,,,,,,,,,,,,,,,,,,,,,,,,,,,,,,,,,,,,,,,,,,
,,154616,None,Priapichthys annectens,Olomina,29-Jun,Rio Esquivalto,Guanacaste,Costa Rica,N 10o 41.231 W 85o 04.002,2006,May,5/6/06,Museum tags in jar but not individually attached.,YES,YES,,Maren Callaway,1,32.7,14.7,,,,,,,,,,WET,,,,,,,,,,,,,,,,,,,,,,,,,,,,,,,,,,,,,,,,,,,,,,,,,,,,,,,,,,,,,,,,,,,,,,,,,,,,,,,,,,,,,,,
,,154617,None,Priapichthys annectens,Olomina,29-Jun,Rio Esquivalto,Guanacaste,Costa Rica,N 10o 41.231 W 85o 04.002,2006,May,5/6/06,Museum tags in jar but not individually attached.,YES,YES,,Maren Callaway,1,29.3,14.5,,,,,,,,,,WET,,,,,,,,,,,,,,,,,,,,,,,,,,,,,,,,,,,,,,,,,,,,,,,,,,,,,,,,,,,,,,,,,,,,,,,,,,,,,,,,,,,,,,,
,,154618,None,Priapichthys annectens,Olomina,29-Jun,Rio Esquivalto,Guanacaste,Costa Rica,N 10o 41.231 W 85o 04.002,2006,May,5/6/06,Museum tags in jar but not individually attached.,YES,YES,,Maren Callaway,1,32.7,15.6,,,,,,,,,,WET,,,,,,,,,,,,,,,,,,,,,,,,,,,,,,,,,,,,,,,,,,,,,,,,,,,,,,,,,,,,,,,,,,,,,,,,,,,,,,,,,,,,,,,
,,154619,None,Priapichthys annectens,Olomina,29-Jun,Rio Esquivalto,Guanacaste,Costa Rica,N 10o 41.231 W 85o 04.002,2006,May,5/6/06,Museum tags in jar but not individually attached.,YES,YES,,Maren Callaway,1,29.3,11.3,,,,,,,,,,WET,,,,,,,,,,,,,,,,,,,,,,,,,,,,,,,,,,,,,,,,,,,,,,,,,,,,,,,,,,,,,,,,,,,,,,,,,,,,,,,,,,,,,,,
,,154620,None,Priapichthys annectens,Olomina,29-Jun,Rio Esquivalto,Guanacaste,Costa Rica,N 10o 41.231 W 85o 04.002,2006,May,5/6/06,Museum tags in jar but not individually attached.,YES,YES,,Maren Callaway,1,25.3,10.7,,,,,,,,,,WET,,,,,,,,,,,,,,,,,,,,,,,,,,,,,,,,,,,,,,,,,,,,,,,,,,,,,,,,,,,,,,,,,,,,,,,,,,,,,,,,,,,,,,,
,,154621,None,Priapichthys annectens,Olomina,29-Jun,Rio Esquivalto,Guanacaste,Costa Rica,N 10o 41.231 W 85o 04.002,2006,May,5/6/06,Museum tags in jar but not individually attached.,YES,YES,,Maren Callaway,1,29.3,13.4,,,,,,,,,,WET,,,,,,,,,,,,,,,,,,,,,,,,,,,,,,,,,,,,,,,,,,,,,,,,,,,,,,,,,,,,,,,,,,,,,,,,,,,,,,,,,,,,,,,
,,154622,None,Priapichthys annectens,Olomina,29-Jun,Rio Esquivalto,Guanacaste,Costa Rica,N 10o 41.231 W 85o 04.002,2006,May,5/6/06,Museum tags in jar but not individually attached.,YES,YES,,Maren Callaway,1,24.9,11.6,,,,,,,,,,WET,,,,,,,,,,,,,,,,,,,,,,,,,,,,,,,,,,,,,,,,,,,,,,,,,,,,,,,,,,,,,,,,,,,,,,,,,,,,,,,,,,,,,,,
,,154623,None,Priapichthys annectens,Olomina,29-Jun,Rio Esquivalto,Guanacaste,Costa Rica,N 10o 41.231 W 85o 04.002,2006,May,5/6/06,Museum tags in jar but not individually attached.,YES,YES,,Maren Callaway,1,26.6,12.5,,,,,,,,,,WET,,,,,,,,,,,,,,,,,,,,,,,,,,,,,,,,,,,,,,,,,,,,,,,,,,,,,,,,,,,,,,,,,,,,,,,,,,,,,,,,,,,,,,,
,,154624,None,Priapichthys annectens,Olomina,29-Jun,Rio Esquivalto,Guanacaste,Costa Rica,N 10o 41.231 W 85o 04.002,2006,May,5/6/06,Museum tags in jar but not individually attached.,YES,YES,,Maren Callaway,1,26.8,12.7,,,,,,,,,,WET,,,,,,,,,,,,,,,,,,,,,,,,,,,,,,,,,,,,,,,,,,,,,,,,,,,,,,,,,,,,,,,,,,,,,,,,,,,,,,,,,,,,,,,
,,154625,None,Priapichthys annectens,Olomina,29-Jun,Rio Esquivalto,Guanacaste,Costa Rica,N 10o 41.231 W 85o 04.002,2006,May,5/6/06,Museum tags in jar but not individually attached.,YES,YES,,Maren Callaway,1,24.9,11.3,,,,,,,,,,WET,,,,,,,,,,,,,,,,,,,,,,,,,,,,,,,,,,,,,,,,,,,,,,,,,,,,,,,,,,,,,,,,,,,,,,,,,,,,,,,,,,,,,,,
,,154626,None,Priapichthys annectens,Olomina,29-Jun,Rio Esquivalto,Guanacaste,Costa Rica,N 10o 41.231 W 85o 04.002,2006,May,5/6/06,Museum tags in jar but not individually attached.,YES,YES,,Maren Callaway,1,23.5,11.8,,,,,,,,,,WET,,,,,,,,,,,,,,,,,,,,,,,,,,,,,,,,,,,,,,,,,,,,,,,,,,,,,,,,,,,,,,,,,,,,,,,,,,,,,,,,,,,,,,,
,,154627,None,Priapichthys annectens,Olomina,29-Jun,Rio Esquivalto,Guanacaste,Costa Rica,N 10o 41.231 W 85o 04.002,2006,May,5/6/06,Museum tags in jar but not individually attached.,YES,YES,,Maren Callaway,1,31.2,12.4,,,,,,,,,,WET,,,,,,,,,,,,,,,,,,,,,,,,,,,,,,,,,,,,,,,,,,,,,,,,,,,,,,,,,,,,,,,,,,,,,,,,,,,,,,,,,,,,,,,
,,154628,None,Priapichthys annectens,Olomina,29-Jun,Rio Esquivalto,Guanacaste,Costa Rica,N 10o 41.231 W 85o 04.002,2006,May,5/6/06,Museum tags in jar but not individually attached.,YES,YES,,Maren Callaway,1,22.1,9.7,,,,,,,,,,WET,,,,,,,,,,,,,,,,,,,,,,,,,,,,,,,,,,,,,,,,,,,,,,,,,,,,,,,,,,,,,,,,,,,,,,,,,,,,,,,,,,,,,,,
,,154631,None,Priapichthys annectens,Olomina,29-Jun,Rio Esquivalto,Guanacaste,Costa Rica,N 10o 41.231 W 85o 04.002,2006,May,5/6/06,Museum tags in jar but not individually attached.,YES,YES,,Maren Callaway,1,22.8,11.1,,,,,,,,,,WET,,,,,,,,,,,,,,,,,,,,,,,,,,,,,,,,,,,,,,,,,,,,,,,,,,,,,,,,,,,,,,,,,,,,,,,,,,,,,,,,,,,,,,,
,,154632,None,Priapichthys annectens,Olomina,29-Jun,Rio Esquivalto,Guanacaste,Costa Rica,N 10o 41.231 W 85o 04.002,2006,May,5/6/06,Museum tags in jar but not individually attached.,YES,YES,,Maren Callaway,1,22.5,9.7,,,,,,,,,,WET,,,,,,,,,,,,,,,,,,,,,,,,,,,,,,,,,,,,,,,,,,,,,,,,,,,,,,,,,,,,,,,,,,,,,,,,,,,,,,,,,,,,,,,
,,154633,None,Priapichthys annectens,Olomina,29-Jun,Rio Esquivalto,Guanacaste,Costa Rica,N 10o 41.231 W 85o 04.002,2006,May,5/6/06,Museum tags in jar but not individually attached.,YES,YES,,Maren Callaway,1,23.9,11.3,,,,,,,,,,WET,,,,,,,,,,,,,,,,,,,,,,,,,,,,,,,,,,,,,,,,,,,,,,,,,,,,,,,,,,,,,,,,,,,,,,,,,,,,,,,,,,,,,,,
,,154634,None,Priapichthys annectens,Olomina,29-Jun,Rio Esquivalto,Guanacaste,Costa Rica,N 10o 41.231 W 85o 04.002,2006,May,5/6/06,Museum tags in jar but not individually attached.,YES,YES,,Maren Callaway,1,22.4,10.1,,,,,,,,,,WET,,,,,,,,,,,,,,,,,,,,,,,,,,,,,,,,,,,,,,,,,,,,,,,,,,,,,,,,,,,,,,,,,,,,,,,,,,,,,,,,,,,,,,,
,,279240,,,,,Rio Gavilan,,,,,,,,YES,YES,8/16/22,Maren Callaway,1,35.8,16,,,,,,,,,,WET,,,,,,,,,,,,,,,,,,,,,,,,,,,,,,,,,,,,,,,,,,,,,,,,,,,,,,,,,,,,,,,,,,,,,,,,,,,,,,,,,,,,,,,
,,279241,,,,,Rio Gavilan,,,,,,,,YES,YES,8/16/22,Maren Callaway,1,25.2,10.7,,,,,,,,,,WET,,,,,,,,,,,,,,,,,,,,,,,,,,,,,,,,,,,,,,,,,,,,,,,,,,,,,,,,,,,,,,,,,,,,,,,,,,,,,,,,,,,,,,,
,,279242,,,,,Rio Gavilan,,,,,,,,YES,YES,8/16/22,Maren Callaway,1,27.8,12.6,,,,,,,,,,WET,,,,,,,,,,,,,,,,,,,,,,,,,,,,,,,,,,,,,,,,,,,,,,,,,,,,,,,,,,,,,,,,,,,,,,,,,,,,,,,,,,,,,,,
,,279243,,,,,Rio Gavilan,,,,,,,,YES,YES,8/16/22,Maren Callaway,1,25.5,11,,,,,,,,,,WET,,,,,,,,,,,,,,,,,,,,,,,,,,,,,,,,,,,,,,,,,,,,,,,,,,,,,,,,,,,,,,,,,,,,,,,,,,,,,,,,,,,,,,,
,,279244,,,,,Rio Gavilan,,,,,,,,YES,YES,8/16/22,Maren Callaway,1,31.7,14.5,,,,,,,,,,WET,,,,,,,,,,,,,,,,,,,,,,,,,,,,,,,,,,,,,,,,,,,,,,,,,,,,,,,,,,,,,,,,,,,,,,,,,,,,,,,,,,,,,,,
,,279245,,,,,Rio Gavilan,,,,,,,,YES,YES,8/16/22,Maren Callaway,1,30.6,12.1,,,,,,,,,,WET,,,,,,,,,,,,,,,,,,,,,,,,,,,,,,,,,,,,,,,,,,,,,,,,,,,,,,,,,,,,,,,,,,,,,,,,,,,,,,,,,,,,,,,
,,279246,,,,,Rio Gavilan,,,,,,,,YES,YES,8/16/22,Maren Callaway,1,29.4,13.1,,,,,,,,,,WET,,,,,,,,,,,,,,,,,,,,,,,,,,,,,,,,,,,,,,,,,,,,,,,,,,,,,,,,,,,,,,,,,,,,,,,,,,,,,,,,,,,,,,,
,,279247,,,,,Rio Gavilan,,,,,,,,YES,YES,8/16/22,Maren Callaway,1,21.4,10.6,,,,,,,,,,WET,,,,,,,,,,,,,,,,,,,,,,,,,,,,,,,,,,,,,,,,,,,,,,,,,,,,,,,,,,,,,,,,,,,,,,,,,,,,,,,,,,,,,,,
,,279248,,,,,Rio Gavilan,,,,,,,,YES,YES,8/16/22,Maren Callaway,1,22.2,10.4,,,,,,,,,,WET,,,,,,,,,,,,,,,,,,,,,,,,,,,,,,,,,,,,,,,,,,,,,,,,,,,,,,,,,,,,,,,,,,,,,,,,,,,,,,,,,,,,,,,
,,279249,,,,,Rio Gavilan,,,,,,,,YES,YES,8/16/22,Maren Callaway,1,24.2,11.7,,,,,,,,,,WET,,,,,,,,,,,,,,,,,,,,,,,,,,,,,,,,,,,,,,,,,,,,,,,,,,,,,,,,,,,,,,,,,,,,,,,,,,,,,,,,,,,,,,,
,,279250,,,,,Rio Gavilan,,,,,,,,YES,YES,8/16/22,Maren Callaway,1,32.9,15.8,,,,,,,,,,WET,,,,,,,,,,,,,,,,,,,,,,,,,,,,,,,,,,,,,,,,,,,,,,,,,,,,,,,,,,,,,,,,,,,,,,,,,,,,,,,,,,,,,,,
,,279251,,,,,Rio Gavilan,,,,,,,,YES,YES,8/16/22,Maren Callaway,1,25.7,11.5,,,,,,,,,,WET,,,,,,,,,,,,,,,,,,,,,,,,,,,,,,,,,,,,,,,,,,,,,,,,,,,,,,,,,,,,,,,,,,,,,,,,,,,,,,,,,,,,,,,
,,279252,,,,,Rio Gavilan,,,,,,,,YES,YES,8/16/22,Maren Callaway,1,30,14.4,,,,,,,,,,WET,,,,,,,,,,,,,,,,,,,,,,,,,,,,,,,,,,,,,,,,,,,,,,,,,,,,,,,,,,,,,,,,,,,,,,,,,,,,,,,,,,,,,,,
,,279253,,,,,Rio Gavilan,,,,,,,,YES,YES,8/16/22,Maren Callaway,1,32,14.5,,,,,,,,,,WET,,,,,,,,,,,,,,,,,,,,,,,,,,,,,,,,,,,,,,,,,,,,,,,,,,,,,,,,,,,,,,,,,,,,,,,,,,,,,,,,,,,,,,,
,,279254,,,,,Rio Gavilan,,,,,,,,YES,YES,8/16/22,Maren Callaway,1,30.1,14.5,,,,,,,,,,WET,,,,,,,,,,,,,,,,,,,,,,,,,,,,,,,,,,,,,,,,,,,,,,,,,,,,,,,,,,,,,,,,,,,,,,,,,,,,,,,,,,,,,,,
,,279255,,,,,Rio Gavilan,,,,,,,,YES,YES,8/16/22,Maren Callaway,1,32.4,14.6,,,,,,,,,,WET,,,,,,,,,,,,,,,,,,,,,,,,,,,,,,,,,,,,,,,,,,,,,,,,,,,,,,,,,,,,,,,,,,,,,,,,,,,,,,,,,,,,,,,
,,279208,,,,,Rio Gavilan,,,,,,,,YES,YES,8/16/22,Maren Callaway,1,23.7,10.8,,,,,,,,,,WET,,,,,,,,,,,,,,,,,,,,,,,,,,,,,,,,,,,,,,,,,,,,,,,,,,,,,,,,,,,,,,,,,,,,,,,,,,,,,,,,,,,,,,,
,,279209,,,,,Rio Gavilan,,,,,,,,YES,YES,8/16/22,Maren Callaway,1,34.8,15.3,,,,,,,,,,WET,,,,,,,,,,,,,,,,,,,,,,,,,,,,,,,,,,,,,,,,,,,,,,,,,,,,,,,,,,,,,,,,,,,,,,,,,,,,,,,,,,,,,,,
,,279210,,,,,Rio Gavilan,,,,,,,,YES,YES,8/16/22,Maren Callaway,1,28.8,,,,,,,,,,,WET,note: couldn't tell if this one's gonopodium had been cut off at the end. throw it out if you want.,,,,,,,,,,,,,,,,,,,,,,,,,,,,,,,,,,,,,,,,,,,,,,,,,,,,,,,,,,,,,,,,,,,,,,,,,,,,,,,,,,,,,,
,,279211,,,,,Rio Gavilan,,,,,,,,YES,YES,8/16/22,Maren Callaway,1,26.7,12,,,,,,,,,,WET,,,,,,,,,,,,,,,,,,,,,,,,,,,,,,,,,,,,,,,,,,,,,,,,,,,,,,,,,,,,,,,,,,,,,,,,,,,,,,,,,,,,,,,
,,279212,,,,,Rio Gavilan,,,,,,,,YES,YES,8/16/22,Maren Callaway,1,24.2,10.8,,,,,,,,,,WET,,,,,,,,,,,,,,,,,,,,,,,,,,,,,,,,,,,,,,,,,,,,,,,,,,,,,,,,,,,,,,,,,,,,,,,,,,,,,,,,,,,,,,,
,,279213,,,,,Rio Gavilan,,,,,,,,YES,YES,8/16/22,Maren Callaway,1,21.6,10,,,,,,,,,,WET,,,,,,,,,,,,,,,,,,,,,,,,,,,,,,,,,,,,,,,,,,,,,,,,,,,,,,,,,,,,,,,,,,,,,,,,,,,,,,,,,,,,,,,
,,279214,,,,,Rio Gavilan,,,,,,,,YES,YES,8/16/22,Maren Callaway,1,26,11.8,,,,,,,,,,WET,,,,,,,,,,,,,,,,,,,,,,,,,,,,,,,,,,,,,,,,,,,,,,,,,,,,,,,,,,,,,,,,,,,,,,,,,,,,,,,,,,,,,,,
,,279215,,,,,Rio Gavilan,,,,,,,,YES,YES,8/16/22,Maren Callaway,1,32.6,15,,,,,,,,,,WET,,,,,,,,,,,,,,,,,,,,,,,,,,,,,,,,,,,,,,,,,,,,,,,,,,,,,,,,,,,,,,,,,,,,,,,,,,,,,,,,,,,,,,,
,,154471,None,Priapichthys annectens,Olomina,1-Jun,Rio La Balsa,Alejuela,Costa Rica,N 10o 10.324 W 84o 29.881,2006,February,2/9/06,Museum tags in jar but not individually attached.,YES,YES,,Maren Callaway,1,27.7,12.4,,,,,,,,,,DRY,,,,,,,,,,,,,,,,,,,,,,,,,,,,,,,,,,,,,,,,,,,,,,,,,,,,,,,,,,,,,,,,,,,,,,,,,,,,,,,,,,,,,,,
,,154473,None,Priapichthys annectens,Olomina,1-Jun,Rio La Balsa,Alejuela,Costa Rica,N 10o 10.324 W 84o 29.881,2006,February,2/9/06,Museum tags in jar but not individually attached.,YES,YES,,Maren Callaway,1,29.1,13,,,,,,,,,,DRY,,,,,,,,,,,,,,,,,,,,,,,,,,,,,,,,,,,,,,,,,,,,,,,,,,,,,,,,,,,,,,,,,,,,,,,,,,,,,,,,,,,,,,,
,,154474,None,Priapichthys annectens,Olomina,1-Jun,Rio La Balsa,Alejuela,Costa Rica,N 10o 10.324 W 84o 29.881,2006,February,2/9/06,Museum tags in jar but not individually attached.,YES,YES,,Maren Callaway,1,24.3,11.2,,,,,,,,,,DRY,,,,,,,,,,,,,,,,,,,,,,,,,,,,,,,,,,,,,,,,,,,,,,,,,,,,,,,,,,,,,,,,,,,,,,,,,,,,,,,,,,,,,,,
,,154475,None,Priapichthys annectens,Olomina,1-Jun,Rio La Balsa,Alejuela,Costa Rica,N 10o 10.324 W 84o 29.881,2006,February,2/9/06,Museum tags in jar but not individually attached.,YES,YES,,Maren Callaway,1,24,11.1,,,,,,,,,,DRY,,,,,,,,,,,,,,,,,,,,,,,,,,,,,,,,,,,,,,,,,,,,,,,,,,,,,,,,,,,,,,,,,,,,,,,,,,,,,,,,,,,,,,,
,,154477,None,Priapichthys annectens,Olomina,1-Jun,Rio La Balsa,Alejuela,Costa Rica,N 10o 10.324 W 84o 29.881,2006,February,2/9/06,Museum tags in jar but not individually attached.,YES,YES,,Maren Callaway,1,30.3,13,,,,,,,,,,DRY,,,,,,,,,,,,,,,,,,,,,,,,,,,,,,,,,,,,,,,,,,,,,,,,,,,,,,,,,,,,,,,,,,,,,,,,,,,,,,,,,,,,,,,
,,154478,None,Priapichthys annectens,Olomina,1-Jun,Rio La Balsa,Alejuela,Costa Rica,N 10o 10.324 W 84o 29.881,2006,February,2/9/06,Museum tags in jar but not individually attached.,YES,YES,,Maren Callaway,1,24.9,11.6,,,,,,,,,,DRY,,,,,,,,,,,,,,,,,,,,,,,,,,,,,,,,,,,,,,,,,,,,,,,,,,,,,,,,,,,,,,,,,,,,,,,,,,,,,,,,,,,,,,,
,,154480,None,Priapichthys annectens,Olomina,1-Jun,Rio La Balsa,Alejuela,Costa Rica,N 10o 10.324 W 84o 29.881,2006,February,2/9/06,Museum tags in jar but not individually attached.,YES,YES,,Maren Callaway,1,32.6,14.9,,,,,,,,,,DRY,,,,,,,,,,,,,,,,,,,,,,,,,,,,,,,,,,,,,,,,,,,,,,,,,,,,,,,,,,,,,,,,,,,,,,,,,,,,,,,,,,,,,,,
,,154482,None,Priapichthys annectens,Olomina,1-Jun,Rio La Balsa,Alejuela,Costa Rica,N 10o 10.324 W 84o 29.881,2006,February,2/9/06,Museum tags in jar but not individually attached.,YES,YES,,Maren Callaway,1,22.3,10.7,,,,,,,,,,DRY,,,,,,,,,,,,,,,,,,,,,,,,,,,,,,,,,,,,,,,,,,,,,,,,,,,,,,,,,,,,,,,,,,,,,,,,,,,,,,,,,,,,,,,
,,154483,None,Priapichthys annectens,Olomina,1-Jun,Rio La Balsa,Alejuela,Costa Rica,N 10o 10.324 W 84o 29.881,2006,February,2/9/06,Museum tags in jar but not individually attached.,YES,YES,,Maren Callaway,1,27,10.5,,,,,,,,,,DRY,,,,,,,,,,,,,,,,,,,,,,,,,,,,,,,,,,,,,,,,,,,,,,,,,,,,,,,,,,,,,,,,,,,,,,,,,,,,,,,,,,,,,,,
,,154484,None,Priapichthys annectens,Olomina,1-Jun,Rio La Balsa,Alejuela,Costa Rica,N 10o 10.324 W 84o 29.881,2006,February,2/9/06,Museum tags in jar but not individually attached.,YES,YES,,Maren Callaway,1,24.6,10.4,,,,,,,,,,DRY,,,,,,,,,,,,,,,,,,,,,,,,,,,,,,,,,,,,,,,,,,,,,,,,,,,,,,,,,,,,,,,,,,,,,,,,,,,,,,,,,,,,,,,
,,154485,None,Priapichthys annectens,Olomina,1-Jun,Rio La Balsa,Alejuela,Costa Rica,N 10o 10.324 W 84o 29.881,2006,February,2/9/06,Museum tags in jar but not individually attached.,YES,YES,,Maren Callaway,1,22.8,9.7,,,,,,,,,,DRY,,,,,,,,,,,,,,,,,,,,,,,,,,,,,,,,,,,,,,,,,,,,,,,,,,,,,,,,,,,,,,,,,,,,,,,,,,,,,,,,,,,,,,,
,,154486,None,Priapichthys annectens,Olomina,1-Jun,Rio La Balsa,Alejuela,Costa Rica,N 10o 10.324 W 84o 29.881,2006,February,2/9/06,Museum tags in jar but not individually attached.,YES,YES,,Maren Callaway,1,22.5,10.8,,,,,,,,,,DRY,,,,,,,,,,,,,,,,,,,,,,,,,,,,,,,,,,,,,,,,,,,,,,,,,,,,,,,,,,,,,,,,,,,,,,,,,,,,,,,,,,,,,,,
,,154489,None,Priapichthys annectens,Olomina,1-Jun,Rio La Balsa,Alejuela,Costa Rica,N 10o 10.324 W 84o 29.881,2006,February,2/9/06,Museum tags in jar but not individually attached.,YES,YES,,Maren Callaway,1,27,12.1,,,,,,,,,,DRY,,,,,,,,,,,,,,,,,,,,,,,,,,,,,,,,,,,,,,,,,,,,,,,,,,,,,,,,,,,,,,,,,,,,,,,,,,,,,,,,,,,,,,,
,,154490,None,Priapichthys annectens,Olomina,1-Jun,Rio La Balsa,Alejuela,Costa Rica,N 10o 10.324 W 84o 29.881,2006,February,2/9/06,Museum tags in jar but not individually attached.,YES,YES,,Maren Callaway,1,26.4,11.6,,,,,,,,,,DRY,,,,,,,,,,,,,,,,,,,,,,,,,,,,,,,,,,,,,,,,,,,,,,,,,,,,,,,,,,,,,,,,,,,,,,,,,,,,,,,,,,,,,,,
,,154491,None,Priapichthys annectens,Olomina,1-Jun,Rio La Balsa,Alejuela,Costa Rica,N 10o 10.324 W 84o 29.881,2006,February,2/9/06,Museum tags in jar but not individually attached.,YES,YES,,Maren Callaway,1,26.7,8.9,,,,,,,,,,DRY,,,,,,,,,,,,,,,,,,,,,,,,,,,,,,,,,,,,,,,,,,,,,,,,,,,,,,,,,,,,,,,,,,,,,,,,,,,,,,,,,,,,,,,
,,154493,None,Priapichthys annectens,Olomina,1-Jun,Rio La Balsa,Alejuela,Costa Rica,N 10o 10.324 W 84o 29.881,2006,February,2/9/06,Museum tags in jar but not individually attached.,YES,YES,,Maren Callaway,1,24.6,11.6,,,,,,,,,,DRY,,,,,,,,,,,,,,,,,,,,,,,,,,,,,,,,,,,,,,,,,,,,,,,,,,,,,,,,,,,,,,,,,,,,,,,,,,,,,,,,,,,,,,,
,,154495,None,Priapichthys annectens,Olomina,1-Jun,Rio La Balsa,Alejuela,Costa Rica,N 10o 10.324 W 84o 29.881,2006,February,2/9/06,Museum tags in jar but not individually attached.,YES,YES,,Maren Callaway,1,22.6,10.9,,,,,,,,,,DRY,,,,,,,,,,,,,,,,,,,,,,,,,,,,,,,,,,,,,,,,,,,,,,,,,,,,,,,,,,,,,,,,,,,,,,,,,,,,,,,,,,,,,,,
,,154496,None,Priapichthys annectens,Olomina,1-Jun,Rio La Balsa,Alejuela,Costa Rica,N 10o 10.324 W 84o 29.881,2006,February,2/9/06,Museum tags in jar but not individually attached.,YES,YES,,Maren Callaway,1,24.4,11.3,,,,,,,,,,DRY,,,,,,,,,,,,,,,,,,,,,,,,,,,,,,,,,,,,,,,,,,,,,,,,,,,,,,,,,,,,,,,,,,,,,,,,,,,,,,,,,,,,,,,
,,154497,None,Priapichthys annectens,Olomina,1-Jun,Rio La Balsa,Alejuela,Costa Rica,N 10o 10.324 W 84o 29.881,2006,February,2/9/06,Museum tags in jar but not individually attached.,YES,YES,,Maren Callaway,1,26.8,13,,,,,,,,,,DRY,,,,,,,,,,,,,,,,,,,,,,,,,,,,,,,,,,,,,,,,,,,,,,,,,,,,,,,,,,,,,,,,,,,,,,,,,,,,,,,,,,,,,,,
,,154498,None,Priapichthys annectens,Olomina,1-Jun,Rio La Balsa,Alejuela,Costa Rica,N 10o 10.324 W 84o 29.881,2006,February,2/9/06,Museum tags in jar but not individually attached.,YES,YES,,Maren Callaway,1,24.4,9.3,,,,,,,,,,DRY,,,,,,,,,,,,,,,,,,,,,,,,,,,,,,,,,,,,,,,,,,,,,,,,,,,,,,,,,,,,,,,,,,,,,,,,,,,,,,,,,,,,,,,
,,154499,None,Priapichthys annectens,Olomina,1-Jun,Rio La Balsa,Alejuela,Costa Rica,N 10o 10.324 W 84o 29.881,2006,February,2/9/06,Museum tags in jar but not individually attached.,YES,YES,,Maren Callaway,1,22.6,10,,,,,,,,,,DRY,,,,,,,,,,,,,,,,,,,,,,,,,,,,,,,,,,,,,,,,,,,,,,,,,,,,,,,,,,,,,,,,,,,,,,,,,,,,,,,,,,,,,,,
,,154502,None,Priapichthys annectens,Olomina,1-Jun,Rio La Balsa,Alejuela,Costa Rica,N 10o 10.324 W 84o 29.881,2006,February,2/9/06,Museum tags in jar but not individually attached.,YES,YES,,Maren Callaway,1,29.2,13.8,,,,,,,,,,DRY,,,,,,,,,,,,,,,,,,,,,,,,,,,,,,,,,,,,,,,,,,,,,,,,,,,,,,,,,,,,,,,,,,,,,,,,,,,,,,,,,,,,,,,
,,154503,None,Priapichthys annectens,Olomina,1-Jun,Rio La Balsa,Alejuela,Costa Rica,N 10o 10.324 W 84o 29.881,2006,February,2/9/06,Museum tags in jar but not individually attached.,YES,YES,,Maren Callaway,1,22.5,10.8,,,,,,,,,,DRY,,,,,,,,,,,,,,,,,,,,,,,,,,,,,,,,,,,,,,,,,,,,,,,,,,,,,,,,,,,,,,,,,,,,,,,,,,,,,,,,,,,,,,,
,,154505,None,Priapichthys annectens,Olomina,1-Jun,Rio La Balsa,Alejuela,Costa Rica,N 10o 10.324 W 84o 29.881,2006,February,2/9/06,Museum tags in jar but not individually attached.,YES,YES,,Maren Callaway,1,30.4,13.6,,,,,,,,,,DRY,,,,,,,,,,,,,,,,,,,,,,,,,,,,,,,,,,,,,,,,,,,,,,,,,,,,,,,,,,,,,,,,,,,,,,,,,,,,,,,,,,,,,,,
,,154507,None,Priapichthys annectens,Olomina,1-Jun,Rio La Balsa,Alejuela,Costa Rica,N 10o 10.324 W 84o 29.881,2006,February,2/9/06,Museum tags in jar but not individually attached.,YES,YES,,Maren Callaway,1,24,9.4,,,,,,,,,,DRY,,,,,,,,,,,,,,,,,,,,,,,,,,,,,,,,,,,,,,,,,,,,,,,,,,,,,,,,,,,,,,,,,,,,,,,,,,,,,,,,,,,,,,,
,,154187,None,Priapichthys annectens,Olomina,6-Jun,Rio Quebrada Guape,Guanacaste,Costa Rica,N 10o 33.795 W 84o 55.251,2006,February,2/10/06,Museum tags in jar but not individually attached.,YES,YES,,Maren Callaway,1,37.2,15.5,,,,,,,,,,DRY,,,,,,,,,,,,,,,,,,,,,,,,,,,,,,,,,,,,,,,,,,,,,,,,,,,,,,,,,,,,,,,,,,,,,,,,,,,,,,,,,,,,,,,
,,154188,None,Priapichthys annectens,Olomina,6-Jun,Rio Quebrada Guape,Guanacaste,Costa Rica,N 10o 33.795 W 84o 55.251,2006,February,2/10/06,Museum tags in jar but not individually attached.,YES,YES,,Maren Callaway,1,34.1,15.6,,,,,,,,,,DRY,,,,,,,,,,,,,,,,,,,,,,,,,,,,,,,,,,,,,,,,,,,,,,,,,,,,,,,,,,,,,,,,,,,,,,,,,,,,,,,,,,,,,,,
,,154189,None,Priapichthys annectens,Olomina,6-Jun,Rio Quebrada Guape,Guanacaste,Costa Rica,N 10o 33.795 W 84o 55.251,2006,February,2/10/06,Museum tags in jar but not individually attached.,YES,YES,,Maren Callaway,1,29.5,13.6,,,,,,,,,,DRY,,,,,,,,,,,,,,,,,,,,,,,,,,,,,,,,,,,,,,,,,,,,,,,,,,,,,,,,,,,,,,,,,,,,,,,,,,,,,,,,,,,,,,,
,,154190,None,Priapichthys annectens,Olomina,6-Jun,Rio Quebrada Guape,Guanacaste,Costa Rica,N 10o 33.795 W 84o 55.251,2006,February,2/10/06,Museum tags in jar but not individually attached.,YES,YES,,Maren Callaway,1,33.3,14.6,,,,,,,,,,DRY,,,,,,,,,,,,,,,,,,,,,,,,,,,,,,,,,,,,,,,,,,,,,,,,,,,,,,,,,,,,,,,,,,,,,,,,,,,,,,,,,,,,,,,
,,154191,None,Priapichthys annectens,Olomina,6-Jun,Rio Quebrada Guape,Guanacaste,Costa Rica,N 10o 33.795 W 84o 55.251,2006,February,2/10/06,Museum tags in jar but not individually attached.,YES,YES,,Maren Callaway,1,28.1,12.2,,,,,,,,,,DRY,,,,,,,,,,,,,,,,,,,,,,,,,,,,,,,,,,,,,,,,,,,,,,,,,,,,,,,,,,,,,,,,,,,,,,,,,,,,,,,,,,,,,,,
,,154192,None,Priapichthys annectens,Olomina,6-Jun,Rio Quebrada Guape,Guanacaste,Costa Rica,N 10o 33.795 W 84o 55.251,2006,February,2/10/06,Museum tags in jar but not individually attached.,YES,YES,,Maren Callaway,1,29.7,13.9,,,,,,,,,,DRY,,,,,,,,,,,,,,,,,,,,,,,,,,,,,,,,,,,,,,,,,,,,,,,,,,,,,,,,,,,,,,,,,,,,,,,,,,,,,,,,,,,,,,,
,,154193,None,Priapichthys annectens,Olomina,6-Jun,Rio Quebrada Guape,Guanacaste,Costa Rica,N 10o 33.795 W 84o 55.251,2006,February,2/10/06,Museum tags in jar but not individually attached.,YES,YES,,Maren Callaway,1,27.2,10.4,,,,,,,,,,DRY,,,,,,,,,,,,,,,,,,,,,,,,,,,,,,,,,,,,,,,,,,,,,,,,,,,,,,,,,,,,,,,,,,,,,,,,,,,,,,,,,,,,,,,
,,154194,None,Priapichthys annectens,Olomina,6-Jun,Rio Quebrada Guape,Guanacaste,Costa Rica,N 10o 33.795 W 84o 55.251,2006,February,2/10/06,Museum tags in jar but not individually attached.,YES,YES,,Maren Callaway,1,28.2,11.9,,,,,,,,,,DRY,,,,,,,,,,,,,,,,,,,,,,,,,,,,,,,,,,,,,,,,,,,,,,,,,,,,,,,,,,,,,,,,,,,,,,,,,,,,,,,,,,,,,,,
,,279192,,,,,Trib to Rio Cucaracho,,,,,,,,YES,YES,8/11/22,Maren Callaway,1,35.8,14.9,,,,,,,,,,WET,,,,,,,,,,,,,,,,,,,,,,,,,,,,,,,,,,,,,,,,,,,,,,,,,,,,,,,,,,,,,,,,,,,,,,,,,,,,,,,,,,,,,,,
,,279193,,,,,Trib to Rio Cucaracho,,,,,,,,YES,YES,8/11/22,Maren Callaway,1,28.5,12.9,,,,,,,,,,WET,,,,,,,,,,,,,,,,,,,,,,,,,,,,,,,,,,,,,,,,,,,,,,,,,,,,,,,,,,,,,,,,,,,,,,,,,,,,,,,,,,,,,,,
,,279194,,,,,Trib to Rio Cucaracho,,,,,,,,YES,YES,8/11/22,Maren Callaway,1,26.7,11.7,,,,,,,,,,WET,,,,,,,,,,,,,,,,,,,,,,,,,,,,,,,,,,,,,,,,,,,,,,,,,,,,,,,,,,,,,,,,,,,,,,,,,,,,,,,,,,,,,,,
,,279195,,,,,Trib to Rio Cucaracho,,,,,,,,YES,YES,8/11/22,Maren Callaway,1,35.9,14.9,,,,,,,,,,WET,,,,,,,,,,,,,,,,,,,,,,,,,,,,,,,,,,,,,,,,,,,,,,,,,,,,,,,,,,,,,,,,,,,,,,,,,,,,,,,,,,,,,,,
,,279196,,,,,Trib to Rio Cucaracho,,,,,,,,YES,YES,8/11/22,Maren Callaway,1,31,13.5,,,,,,,,,,WET,,,,,,,,,,,,,,,,,,,,,,,,,,,,,,,,,,,,,,,,,,,,,,,,,,,,,,,,,,,,,,,,,,,,,,,,,,,,,,,,,,,,,,,
,,279197,,,,,Trib to Rio Cucaracho,,,,,,,,YES,YES,8/11/22,Maren Callaway,1,25.6,10.6,,,,,,,,,,WET,,,,,,,,,,,,,,,,,,,,,,,,,,,,,,,,,,,,,,,,,,,,,,,,,,,,,,,,,,,,,,,,,,,,,,,,,,,,,,,,,,,,,,,
,,279198,,,,,Trib to Rio Cucaracho,,,,,,,,YES,YES,8/11/22,Maren Callaway,1,25,10.6,,,,,,,,,,WET,,,,,,,,,,,,,,,,,,,,,,,,,,,,,,,,,,,,,,,,,,,,,,,,,,,,,,,,,,,,,,,,,,,,,,,,,,,,,,,,,,,,,,,
,,279199,,,,,Trib to Rio Cucaracho,,,,,,,,YES,YES,8/11/22,Maren Callaway,1,26.4,12.2,,,,,,,,,,WET,,,,,,,,,,,,,,,,,,,,,,,,,,,,,,,,,,,,,,,,,,,,,,,,,,,,,,,,,,,,,,,,,,,,,,,,,,,,,,,,,,,,,,,
,,279200,,,,,Trib to Rio Cucaracho,,,,,,,,YES,YES,8/11/22,Maren Callaway,1,35.9,14.8,,,,,,,,,,WET,,,,,,,,,,,,,,,,,,,,,,,,,,,,,,,,,,,,,,,,,,,,,,,,,,,,,,,,,,,,,,,,,,,,,,,,,,,,,,,,,,,,,,,
,,279201,,,,,Trib to Rio Cucaracho,,,,,,,,YES,YES,8/11/22,Maren Callaway,1,33.8,14.1,,,,,,,,,,WET,,,,,,,,,,,,,,,,,,,,,,,,,,,,,,,,,,,,,,,,,,,,,,,,,,,,,,,,,,,,,,,,,,,,,,,,,,,,,,,,,,,,,,,
,,279202,,,,,Trib to Rio Cucaracho,,,,,,,,YES,YES,8/11/22,Maren Callaway,1,34.4,15,,,,,,,,,,WET,,,,,,,,,,,,,,,,,,,,,,,,,,,,,,,,,,,,,,,,,,,,,,,,,,,,,,,,,,,,,,,,,,,,,,,,,,,,,,,,,,,,,,,
,,279203,,,,,Trib to Rio Cucaracho,,,,,,,,YES,YES,8/11/22,Maren Callaway,1,30,12.8,,,,,,,,,,WET,,,,,,,,,,,,,,,,,,,,,,,,,,,,,,,,,,,,,,,,,,,,,,,,,,,,,,,,,,,,,,,,,,,,,,,,,,,,,,,,,,,,,,,
,,279204,,,,,Trib to Rio Cucaracho,,,,,,,,YES,YES,8/11/22,Maren Callaway,1,25.8,11.4,,,,,,,,,,WET,,,,,,,,,,,,,,,,,,,,,,,,,,,,,,,,,,,,,,,,,,,,,,,,,,,,,,,,,,,,,,,,,,,,,,,,,,,,,,,,,,,,,,,
,,279205,,,,,Trib to Rio Cucaracho,,,,,,,,YES,YES,8/11/22,Maren Callaway,1,25.2,9.7,,,,,,,,,,WET,,,,,,,,,,,,,,,,,,,,,,,,,,,,,,,,,,,,,,,,,,,,,,,,,,,,,,,,,,,,,,,,,,,,,,,,,,,,,,,,,,,,,,,
,,279206,,,,,Trib to Rio Cucaracho,,,,,,,,YES,YES,8/11/22,Maren Callaway,1,29.9,12.5,,,,,,,,,,WET,,,,,,,,,,,,,,,,,,,,,,,,,,,,,,,,,,,,,,,,,,,,,,,,,,,,,,,,,,,,,,,,,,,,,,,,,,,,,,,,,,,,,,,
,,279207,,,,,Trib to Rio Cucaracho,,,,,,,,YES,YES,8/11/22,Maren Callaway,1,23.9,8.3,,,,,,,,,,WET,,,,,,,,,,,,,,,,,,,,,,,,,,,,,,,,,,,,,,,,,,,,,,,,,,,,,,,,,,,,,,,,,,,,,,,,,,,,,,,,,,,,,,,
,,295607,,,,,Trib to Rio Cucaracho,,,,,,,,YES,YES,8/16/22,Maren Callaway,1,27.8,10.5,,,,,,,,,,WET,,,,,,,,,,,,,,,,,,,,,,,,,,,,,,,,,,,,,,,,,,,,,,,,,,,,,,,,,,,,,,,,,,,,,,,,,,,,,,,,,,,,,,,
,,295608,,,,,Trib to Rio Cucaracho,,,,,,,,YES,YES,8/16/22,Maren Callaway,1,35.5,16.1,,,,,,,,,,WET,,,,,,,,,,,,,,,,,,,,,,,,,,,,,,,,,,,,,,,,,,,,,,,,,,,,,,,,,,,,,,,,,,,,,,,,,,,,,,,,,,,,,,,
,,295609,,,,,Trib to Rio Cucaracho,,,,,,,,YES,YES,8/16/22,Maren Callaway,1,28.6,12.3,,,,,,,,,,WET,,,,,,,,,,,,,,,,,,,,,,,,,,,,,,,,,,,,,,,,,,,,,,,,,,,,,,,,,,,,,,,,,,,,,,,,,,,,,,,,,,,,,,,
,,295610,,,,,Trib to Rio Cucaracho,,,,,,,,YES,YES,8/16/22,Maren Callaway,1,25.1,11,,,,,,,,,,WET,,,,,,,,,,,,,,,,,,,,,,,,,,,,,,,,,,,,,,,,,,,,,,,,,,,,,,,,,,,,,,,,,,,,,,,,,,,,,,,,,,,,,,,
,,295611,,,,,Trib to Rio Cucaracho,,,,,,,,YES,YES,8/16/22,Maren Callaway,1,22.7,10.9,,,,,,,,,,WET,,,,,,,,,,,,,,,,,,,,,,,,,,,,,,,,,,,,,,,,,,,,,,,,,,,,,,,,,,,,,,,,,,,,,,,,,,,,,,,,,,,,,,,
,,279064,,,,,Trib to Rio Grande,,,,,,,,YES,YES,7/23/22,Maren Callaway,1,29.1,12.7,,,,,,,,,,WET,,,,,,,,,,,,,,,,,,,,,,,,,,,,,,,,,,,,,,,,,,,,,,,,,,,,,,,,,,,,,,,,,,,,,,,,,,,,,,,,,,,,,,,
,,279065,,,,,Trib to Rio Grande,,,,,,,,YES,YES,7/23/22,Maren Callaway,1,28.2,13,,,,,,,,,,WET,,,,,,,,,,,,,,,,,,,,,,,,,,,,,,,,,,,,,,,,,,,,,,,,,,,,,,,,,,,,,,,,,,,,,,,,,,,,,,,,,,,,,,,
,,279066,,,,,Trib to Rio Grande,,,,,,,,YES,YES,7/23/22,Maren Callaway,1,26.7,11.7,,,,,,,,,,WET,,,,,,,,,,,,,,,,,,,,,,,,,,,,,,,,,,,,,,,,,,,,,,,,,,,,,,,,,,,,,,,,,,,,,,,,,,,,,,,,,,,,,,,
,,279067,,,,,Trib to Rio Grande,,,,,,,,YES,YES,7/23/22,Maren Callaway,1,30.1,13.6,,,,,,,,,,WET,,,,,,,,,,,,,,,,,,,,,,,,,,,,,,,,,,,,,,,,,,,,,,,,,,,,,,,,,,,,,,,,,,,,,,,,,,,,,,,,,,,,,,,
,,279068,,,,,Trib to Rio Grande,,,,,,,,YES,YES,7/23/22,Maren Callaway,1,30.5,12.5,,,,,,,,,,WET,,,,,,,,,,,,,,,,,,,,,,,,,,,,,,,,,,,,,,,,,,,,,,,,,,,,,,,,,,,,,,,,,,,,,,,,,,,,,,,,,,,,,,,
,,279069,,,,,Trib to Rio Grande,,,,,,,,YES,YES,7/23/22,Maren Callaway,1,31.7,10,,,,,,,,,,WET,,,,,,,,,,,,,,,,,,,,,,,,,,,,,,,,,,,,,,,,,,,,,,,,,,,,,,,,,,,,,,,,,,,,,,,,,,,,,,,,,,,,,,,
,,279070,,,,,Trib to Rio Grande,,,,,,,,YES,YES,7/23/22,Maren Callaway,1,24.4,11.1,,,,,,,,,,WET,,,,,,,,,,,,,,,,,,,,,,,,,,,,,,,,,,,,,,,,,,,,,,,,,,,,,,,,,,,,,,,,,,,,,,,,,,,,,,,,,,,,,,,
,,279071,,,,,Trib to Rio Grande,,,,,,,,YES,YES,7/23/22,Maren Callaway,1,32.2,,,,,,,,,,,WET,NOTE: I think this individual's gonopodium had been ripped off at the end. so you prob will want to throw this one out,,,,,,,,,,,,,,,,,,,,,,,,,,,,,,,,,,,,,,,,,,,,,,,,,,,,,,,,,,,,,,,,,,,,,,,,,,,,,,,,,,,,,,
,,279072,,,,,Trib to Rio Grande,,,,,,,,YES,YES,7/23/22,Maren Callaway,1,34,14.1,,,,,,,,,,WET,,,,,,,,,,,,,,,,,,,,,,,,,,,,,,,,,,,,,,,,,,,,,,,,,,,,,,,,,,,,,,,,,,,,,,,,,,,,,,,,,,,,,,,
,,279073,,,,,Trib to Rio Grande,,,,,,,,YES,YES,7/23/22,Maren Callaway,1,30.7,13.1,,,,,,,,,,WET,,,,,,,,,,,,,,,,,,,,,,,,,,,,,,,,,,,,,,,,,,,,,,,,,,,,,,,,,,,,,,,,,,,,,,,,,,,,,,,,,,,,,,,
,,279074,,,,,Trib to Rio Grande,,,,,,,,YES,YES,7/23/22,Maren Callaway,1,26.8,11.6,,,,,,,,,,WET,,,,,,,,,,,,,,,,,,,,,,,,,,,,,,,,,,,,,,,,,,,,,,,,,,,,,,,,,,,,,,,,,,,,,,,,,,,,,,,,,,,,,,,
,,279075,,,,,Trib to Rio Grande,,,,,,,,YES,YES,7/23/22,Maren Callaway,1,28.1,12.3,,,,,,,,,,WET,,,,,,,,,,,,,,,,,,,,,,,,,,,,,,,,,,,,,,,,,,,,,,,,,,,,,,,,,,,,,,,,,,,,,,,,,,,,,,,,,,,,,,,
,,279076,,,,,Trib to Rio Grande,,,,,,,,YES,YES,7/26/22,Maren Callaway,1,26.5,11.6,,,,,,,,,,WET,,,,,,,,,,,,,,,,,,,,,,,,,,,,,,,,,,,,,,,,,,,,,,,,,,,,,,,,,,,,,,,,,,,,,,,,,,,,,,,,,,,,,,,
,,279077,,,,,Trib to Rio Grande,,,,,,,,YES,YES,7/26/22,Maren Callaway,1,29.4,11.7,,,,,,,,,,WET,,,,,,,,,,,,,,,,,,,,,,,,,,,,,,,,,,,,,,,,,,,,,,,,,,,,,,,,,,,,,,,,,,,,,,,,,,,,,,,,,,,,,,,
,,279078,,,,,Trib to Rio Grande,,,,,,,,YES,YES,7/26/22,Maren Callaway,1,26.3,11.4,,,,,,,,,,WET,,,,,,,,,,,,,,,,,,,,,,,,,,,,,,,,,,,,,,,,,,,,,,,,,,,,,,,,,,,,,,,,,,,,,,,,,,,,,,,,,,,,,,,
,,279079,,,,,Trib to Rio Grande,,,,,,,,YES,YES,7/26/22,Maren Callaway,1,30.5,12.6,,,,,,,,,,WET,,,,,,,,,,,,,,,,,,,,,,,,,,,,,,,,,,,,,,,,,,,,,,,,,,,,,,,,,,,,,,,,,,,,,,,,,,,,,,,,,,,,,,,
,,279080,,,,,Trib to Rio Grande,,,,,,,,YES,YES,7/26/22,Maren Callaway,1,29.9,12.3,,,,,,,,,,WET,,,,,,,,,,,,,,,,,,,,,,,,,,,,,,,,,,,,,,,,,,,,,,,,,,,,,,,,,,,,,,,,,,,,,,,,,,,,,,,,,,,,,,,
,,279081,,,,,Trib to Rio Grande,,,,,,,,YES,YES,7/26/22,Maren Callaway,1,23.3,,,,,,,,,,,WET,"NOTE: I think this individual's gonopodium may have been cut off at the tip, so consider discarding",,,,,,,,,,,,,,,,,,,,,,,,,,,,,,,,,,,,,,,,,,,,,,,,,,,,,,,,,,,,,,,,,,,,,,,,,,,,,,,,,,,,,,
,,279082,,,,,Trib to Rio Grande,,,,,,,,YES,YES,7/26/22,Maren Callaway,1,26.2,10.6,,,,,,,,,,WET,,,,,,,,,,,,,,,,,,,,,,,,,,,,,,,,,,,,,,,,,,,,,,,,,,,,,,,,,,,,,,,,,,,,,,,,,,,,,,,,,,,,,,,
,,154781,None,Priapichthys annectens,Olomina,27-Jun,Trib. to Rio Negro (South Fork)- near Guayabo,Guanacaste,Costa Rica,N 10o 45.766 W 85o 11.595,2006,May,5/5/06,Museum tags in jar but not individually attached.,YES,YES,5/26/22,Maren Callaway,1,28.9,12.5,,,,,,,,,,WET,,,,,,,,,,,,,,,,,,,,,,,,,,,,,,,,,,,,,,,,,,,,,,,,,,,,,,,,,,,,,,,,,,,,,,,,,,,,,,,,,,,,,,,
,,154782,None,Priapichthys annectens,Olomina,27-Jun,Trib. to Rio Negro (South Fork)- near Guayabo,Guanacaste,Costa Rica,N 10o 45.766 W 85o 11.595,2006,May,5/5/06,Museum tags in jar but not individually attached.,YES,YES,5/26/22,Maren Callaway,1,24.3,11.1,,,,,,,,,,WET,,,,,,,,,,,,,,,,,,,,,,,,,,,,,,,,,,,,,,,,,,,,,,,,,,,,,,,,,,,,,,,,,,,,,,,,,,,,,,,,,,,,,,,
,,154783,None,Priapichthys annectens,Olomina,27-Jun,Trib. to Rio Negro (South Fork)- near Guayabo,Guanacaste,Costa Rica,N 10o 45.766 W 85o 11.595,2006,May,5/5/06,Museum tags in jar but not individually attached.,YES,YES,5/26/22,Maren Callaway,1,26.9,12.3,,,,,,,,,,WET,,,,,,,,,,,,,,,,,,,,,,,,,,,,,,,,,,,,,,,,,,,,,,,,,,,,,,,,,,,,,,,,,,,,,,,,,,,,,,,,,,,,,,,
,,154784,None,Priapichthys annectens,Olomina,27-Jun,Trib. to Rio Negro (South Fork)- near Guayabo,Guanacaste,Costa Rica,N 10o 45.766 W 85o 11.595,2006,May,5/5/06,Museum tags in jar but not individually attached.,YES,YES,5/26/22,Maren Callaway,1,29.2,12.2,,,,,,,,,,WET,,,,,,,,,,,,,,,,,,,,,,,,,,,,,,,,,,,,,,,,,,,,,,,,,,,,,,,,,,,,,,,,,,,,,,,,,,,,,,,,,,,,,,,
,,154785,None,Priapichthys annectens,Olomina,27-Jun,Trib. to Rio Negro (South Fork)- near Guayabo,Guanacaste,Costa Rica,N 10o 45.766 W 85o 11.595,2006,May,5/5/06,Museum tags in jar but not individually attached.,YES,YES,5/26/22,Maren Callaway,1,25.1,11.9,,,,,,,,,,WET,,,,,,,,,,,,,,,,,,,,,,,,,,,,,,,,,,,,,,,,,,,,,,,,,,,,,,,,,,,,,,,,,,,,,,,,,,,,,,,,,,,,,,,
,,154786,None,Priapichthys annectens,Olomina,27-Jun,Trib. to Rio Negro (South Fork)- near Guayabo,Guanacaste,Costa Rica,N 10o 45.766 W 85o 11.595,2006,May,5/5/06,Museum tags in jar but not individually attached.,YES,YES,5/26/22,Maren Callaway,1,34.4,14.6,,,,,,,,,,WET,,,,,,,,,,,,,,,,,,,,,,,,,,,,,,,,,,,,,,,,,,,,,,,,,,,,,,,,,,,,,,,,,,,,,,,,,,,,,,,,,,,,,,,
,,154787,None,Priapichthys annectens,Olomina,27-Jun,Trib. to Rio Negro (South Fork)- near Guayabo,Guanacaste,Costa Rica,N 10o 45.766 W 85o 11.595,2006,May,5/5/06,Museum tags in jar but not individually attached.,YES,YES,5/26/22,Maren Callaway,1,24.8,11.2,,,,,,,,,,WET,,,,,,,,,,,,,,,,,,,,,,,,,,,,,,,,,,,,,,,,,,,,,,,,,,,,,,,,,,,,,,,,,,,,,,,,,,,,,,,,,,,,,,,
,,154788,None,Priapichthys annectens,Olomina,27-Jun,Trib. to Rio Negro (South Fork)- near Guayabo,Guanacaste,Costa Rica,N 10o 45.766 W 85o 11.595,2006,May,5/5/06,Museum tags in jar but not individually attached.,YES,YES,5/26/22,Maren Callaway,1,21.9,9.7,,,,,,,,,,WET,,,,,,,,,,,,,,,,,,,,,,,,,,,,,,,,,,,,,,,,,,,,,,,,,,,,,,,,,,,,,,,,,,,,,,,,,,,,,,,,,,,,,,,
,,154789,None,Priapichthys annectens,Olomina,27-Jun,Trib. to Rio Negro (South Fork)- near Guayabo,Guanacaste,Costa Rica,N 10o 45.766 W 85o 11.595,2006,May,5/5/06,Museum tags in jar but not individually attached.,YES,YES,5/26/22,Maren Callaway,1,24.2,11.9,,,,,,,,,,WET,,,,,,,,,,,,,,,,,,,,,,,,,,,,,,,,,,,,,,,,,,,,,,,,,,,,,,,,,,,,,,,,,,,,,,,,,,,,,,,,,,,,,,,
,,154790,None,Priapichthys annectens,Olomina,27-Jun,Trib. to Rio Negro (South Fork)- near Guayabo,Guanacaste,Costa Rica,N 10o 45.766 W 85o 11.595,2006,May,5/5/06,Museum tags in jar but not individually attached.,YES,YES,5/26/22,Maren Callaway,1,24.6,10.7,,,,,,,,,,WET,,,,,,,,,,,,,,,,,,,,,,,,,,,,,,,,,,,,,,,,,,,,,,,,,,,,,,,,,,,,,,,,,,,,,,,,,,,,,,,,,,,,,,,
,,154791,None,Priapichthys annectens,Olomina,27-Jun,Trib. to Rio Negro (South Fork)- near Guayabo,Guanacaste,Costa Rica,N 10o 45.766 W 85o 11.595,2006,May,5/5/06,Museum tags in jar but not individually attached.,YES,YES,5/26/22,Maren Callaway,1,24,11,,,,,,,,,,WET,,,,,,,,,,,,,,,,,,,,,,,,,,,,,,,,,,,,,,,,,,,,,,,,,,,,,,,,,,,,,,,,,,,,,,,,,,,,,,,,,,,,,,,
,,279216,,,,,Vuelta del Barracho,,,,,,,,YES,YES,8/17/22,Maren Callaway,1,,13.4,,,,,,,,,,WET,,,,,,,,,,,,,,,,,,,,,,,,,,,,,,,,,,,,,,,,,,,,,,,,,,,,,,,,,,,,,,,,,,,,,,,,,,,,,,,,,,,,,,,
,,279217,,,,,Vuelta del Barracho,,,,,,,,YES,YES,8/17/22,Maren Callaway,1,30.5,13.5,,,,,,,,,,WET,,,,,,,,,,,,,,,,,,,,,,,,,,,,,,,,,,,,,,,,,,,,,,,,,,,,,,,,,,,,,,,,,,,,,,,,,,,,,,,,,,,,,,,
,,279218,,,,,Vuelta del Barracho,,,,,,,,YES,YES,8/17/22,Maren Callaway,1,28.3,12.4,,,,,,,,,,WET,,,,,,,,,,,,,,,,,,,,,,,,,,,,,,,,,,,,,,,,,,,,,,,,,,,,,,,,,,,,,,,,,,,,,,,,,,,,,,,,,,,,,,,
,,279219,,,,,Vuelta del Barracho,,,,,,,,YES,YES,8/17/22,Maren Callaway,1,30.2,13.1,,,,,,,,,,WET,,,,,,,,,,,,,,,,,,,,,,,,,,,,,,,,,,,,,,,,,,,,,,,,,,,,,,,,,,,,,,,,,,,,,,,,,,,,,,,,,,,,,,,
,,279220,,,,,Vuelta del Barracho,,,,,,,,YES,YES,8/17/22,Maren Callaway,1,34.5,14.1,,,,,,,,,,WET,,,,,,,,,,,,,,,,,,,,,,,,,,,,,,,,,,,,,,,,,,,,,,,,,,,,,,,,,,,,,,,,,,,,,,,,,,,,,,,,,,,,,,,
,,279221,,,,,Vuelta del Barracho,,,,,,,,YES,YES,8/17/22,Maren Callaway,1,29.2,12.5,,,,,,,,,,WET,,,,,,,,,,,,,,,,,,,,,,,,,,,,,,,,,,,,,,,,,,,,,,,,,,,,,,,,,,,,,,,,,,,,,,,,,,,,,,,,,,,,,,,
,,279222,,,,,Vuelta del Barracho,,,,,,,,YES,YES,8/17/22,Maren Callaway,1,26.8,11.3,,,,,,,,,,WET,,,,,,,,,,,,,,,,,,,,,,,,,,,,,,,,,,,,,,,,,,,,,,,,,,,,,,,,,,,,,,,,,,,,,,,,,,,,,,,,,,,,,,,
,,279223,,,,,Vuelta del Barracho,,,,,,,,YES,YES,8/17/22,Maren Callaway,1,25,10.6,,,,,,,,,,WET,,,,,,,,,,,,,,,,,,,,,,,,,,,,,,,,,,,,,,,,,,,,,,,,,,,,,,,,,,,,,,,,,,,,,,,,,,,,,,,,,,,,,,,
,,279224,,,,,Vuelta del Barracho,,,,,,,,YES,YES,8/17/22,Maren Callaway,1,29.5,13.3,,,,,,,,,,WET,,,,,,,,,,,,,,,,,,,,,,,,,,,,,,,,,,,,,,,,,,,,,,,,,,,,,,,,,,,,,,,,,,,,,,,,,,,,,,,,,,,,,,,
,,279225,,,,,Vuelta del Barracho,,,,,,,,YES,YES,8/17/22,Maren Callaway,1,28,12.3,,,,,,,,,,WET,,,,,,,,,,,,,,,,,,,,,,,,,,,,,,,,,,,,,,,,,,,,,,,,,,,,,,,,,,,,,,,,,,,,,,,,,,,,,,,,,,,,,,,
,,279226,,,,,Vuelta del Barracho,,,,,,,,YES,YES,8/17/22,Maren Callaway,1,27.3,10.9,,,,,,,,,,WET,,,,,,,,,,,,,,,,,,,,,,,,,,,,,,,,,,,,,,,,,,,,,,,,,,,,,,,,,,,,,,,,,,,,,,,,,,,,,,,,,,,,,,,
,,279227,,,,,Vuelta del Barracho,,,,,,,,YES,YES,8/17/22,Maren Callaway,1,31,12.6,,,,,,,,,,WET,,,,,,,,,,,,,,,,,,,,,,,,,,,,,,,,,,,,,,,,,,,,,,,,,,,,,,,,,,,,,,,,,,,,,,,,,,,,,,,,,,,,,,,
,,279228,,,,,Vuelta del Barracho,,,,,,,,YES,YES,8/17/22,Maren Callaway,1,26.8,12,,,,,,,,,,WET,,,,,,,,,,,,,,,,,,,,,,,,,,,,,,,,,,,,,,,,,,,,,,,,,,,,,,,,,,,,,,,,,,,,,,,,,,,,,,,,,,,,,,,
,,279229,,,,,Vuelta del Barracho,,,,,,,,YES,YES,8/17/22,Maren Callaway,1,29.7,12.8,,,,,,,,,,WET,,,,,,,,,,,,,,,,,,,,,,,,,,,,,,,,,,,,,,,,,,,,,,,,,,,,,,,,,,,,,,,,,,,,,,,,,,,,,,,,,,,,,,,
,,279230,,,,,Vuelta del Barracho,,,,,,,,YES,YES,8/17/22,Maren Callaway,1,28.6,12.2,,,,,,,,,,WET,,,,,,,,,,,,,,,,,,,,,,,,,,,,,,,,,,,,,,,,,,,,,,,,,,,,,,,,,,,,,,,,,,,,,,,,,,,,,,,,,,,,,,,
,,279231,,,,,Vuelta del Barracho,,,,,,,,YES,YES,8/17/22,Maren Callaway,1,25.3,10.7,,,,,,,,,,WET,,,,,,,,,,,,,,,,,,,,,,,,,,,,,,,,,,,,,,,,,,,,,,,,,,,,,,,,,,,,,,,,,,,,,,,,,,,,,,,,,,,,,,,
,,279232,,,,,Vuelta del Barracho,,,,,,,,YES,YES,8/17/22,Maren Callaway,1,27.5,12.5,,,,,,,,,,WET,,,,,,,,,,,,,,,,,,,,,,,,,,,,,,,,,,,,,,,,,,,,,,,,,,,,,,,,,,,,,,,,,,,,,,,,,,,,,,,,,,,,,,,
,,,,,,,,,,,,,,,,,,,,,,,,,,,,,,,,,,,,,,,,,,,,,,,,,,,,,,,,,,,,,,,,,,,,,,,,,,,,,,,,,,,,,,,,,,,,,,,,,,,,,,,,,,,,,,,,,,,,,,
,,,,,,,,,,,,,,,,,,,,,,,,,,,,,,,,,,,,,,,,,,,,,,,,,,,,,,,,,,,,,,,,,,,,,,,,,,,,,,,,,,,,,,,,,,,,,,,,,,,,,,,,,,,,,,,,,,,,,,
,,,,,,,,,,,,,,,,,,,,,,,,,,,,,,,,,,,,,,,,,,,,,,,,,,,,,,,,,,,,,,,,,,,,,,,,,,,,,,,,,,,,,,,,,,,,,,,,,,,,,,,,,,,,,,,,,,,,,,
,,,,,,,,,,,,,,,,,,,,,,,,,,,,,,,,,,,,,,,,,,,,,,,,,,,,,,,,,,,,,,,,,,,,,,,,,,,,,,,,,,,,,,,,,,,,,,,,,,,,,,,,,,,,,,,,,,,,,,
,,,,,,,,,,,,,,,,,,,,,,,,,,,,,,,,,,,,,,,,,,,,,,,,,,,,,,,,,,,,,,,,,,,,,,,,,,,,,,,,,,,,,,,,,,,,,,,,,,,,,,,,,,,,,,,,,,,,,,
,,,,,,,,,,,,,,,,,,,,,,,,,,,,,,,,,,,,,,,,,,,,,,,,,,,,,,,,,,,,,,,,,,,,,,,,,,,,,,,,,,,,,,,,,,,,,,,,,,,,,,,,,,,,,,,,,,,,,,
,,,,,,,,,,,,,,,,,,,,,,,,,,,,,,,,,,,,,,,,,,,,,,,,,,,,,,,,,,,,,,,,,,,,,,,,,,,,,,,,,,,,,,,,,,,,,,,,,,,,,,,,,,,,,,,,,,,,,,
,,,,,,,,,,,,,,,,,,,,,,,,,,,,,,,,,,,,,,,,,,,,,,,,,,,,,,,,,,,,,,,,,,,,,,,,,,,,,,,,,,,,,,,,,,,,,,,,,,,,,,,,,,,,,,,,,,,,,,
,,,,,,,,,,,,,,,,,,,,,,,,,,,,,,,,,,,,,,,,,,,,,,,,,,,,,,,,,,,,,,,,,,,,,,,,,,,,,,,,,,,,,,,,,,,,,,,,,,,,,,,,,,,,,,,,,,,,,,
,,,,,,,,,,,,,,,,,,,,,,,,,,,,,,,,,,,,,,,,,,,,,,,,,,,,,,,,,,,,,,,,,,,,,,,,,,,,,,,,,,,,,,,,,,,,,,,,,,,,,,,,,,,,,,,,,,,,,,
,,,,,,,,,,,,,,,,,,,,,,,,,,,,,,,,,,,,,,,,,,,,,,,,,,,,,,,,,,,,,,,,,,,,,,,,,,,,,,,,,,,,,,,,,,,,,,,,,,,,,,,,,,,,,,,,,,,,,,
,,,,,,,,,,,,,,,,,,,,,,,,,,,,,,,,,,,,,,,,,,,,,,,,,,,,,,,,,,,,,,,,,,,,,,,,,,,,,,,,,,,,,,,,,,,,,,,,,,,,,,,,,,,,,,,,,,,,,,
,,,,,,,,,,,,,,,,,,,,,,,,,,,,,,,,,,,,,,,,,,,,,,,,,,,,,,,,,,,,,,,,,,,,,,,,,,,,,,,,,,,,,,,,,,,,,,,,,,,,,,,,,,,,,,,,,,,,,,
,,,,,,,,,,,,,,,,,,,,,,,,,,,,,,,,,,,,,,,,,,,,,,,,,,,,,,,,,,,,,,,,,,,,,,,,,,,,,,,,,,,,,,,,,,,,,,,,,,,,,,,,,,,,,,,,,,,,,,
,,,,,,,,,,,,,,,,,,,,,,,,,,,,,,,,,,,,,,,,,,,,,,,,,,,,,,,,,,,,,,,,,,,,,,,,,,,,,,,,,,,,,,,,,,,,,,,,,,,,,,,,,,,,,,,,,,,,,,
,,,,,,,,,,,,,,,,,,,,,,,,,,,,,,,,,,,,,,,,,,,,,,,,,,,,,,,,,,,,,,,,,,,,,,,,,,,,,,,,,,,,,,,,,,,,,,,,,,,,,,,,,,,,,,,,,,,,,,
,,,,,,,,,,,,,,,,,,,,,,,,,,,,,,,,,,,,,,,,,,,,,,,,,,,,,,,,,,,,,,,,,,,,,,,,,,,,,,,,,,,,,,,,,,,,,,,,,,,,,,,,,,,,,,,,,,,,,,
,,,,,,,,,,,,,,,,,,,,,,,,,,,,,,,,,,,,,,,,,,,,,,,,,,,,,,,,,,,,,,,,,,,,,,,,,,,,,,,,,,,,,,,,,,,,,,,,,,,,,,,,,,,,,,,,,,,,,,
,,,,,,,,,,,,,,,,,,,,,,,,,,,,,,,,,,,,,,,,,,,,,,,,,,,,,,,,,,,,,,,,,,,,,,,,,,,,,,,,,,,,,,,,,,,,,,,,,,,,,,,,,,,,,,,,,,,,,,
,,,,,,,,,,,,,,,,,,,,,,,,,,,,,,,,,,,,,,,,,,,,,,,,,,,,,,,,,,,,,,,,,,,,,,,,,,,,,,,,,,,,,,,,,,,,,,,,,,,,,,,,,,,,,,,,,,,,,,
,,,,,,,,,,,,,,,,,,,,,,,,,,,,,,,,,,,,,,,,,,,,,,,,,,,,,,,,,,,,,,,,,,,,,,,,,,,,,,,,,,,,,,,,,,,,,,,,,,,,,,,,,,,,,,,,,,,,,,
,,,,,,,,,,,,,,,,,,,,,,,,,,,,,,,,,,,,,,,,,,,,,,,,,,,,,,,,,,,,,,,,,,,,,,,,,,,,,,,,,,,,,,,,,,,,,,,,,,,,,,,,,,,,,,,,,,,,,,
,,,,,,,,,,,,,,,,,,,,,,,,,,,,,,,,,,,,,,,,,,,,,,,,,,,,,,,,,,,,,,,,,,,,,,,,,,,,,,,,,,,,,,,,,,,,,,,,,,,,,,,,,,,,,,,,,,,,,,
,,,,,,,,,,,,,,,,,,,,,,,,,,,,,,,,,,,,,,,,,,,,,,,,,,,,,,,,,,,,,,,,,,,,,,,,,,,,,,,,,,,,,,,,,,,,,,,,,,,,,,,,,,,,,,,,,,,,,,
,,,,,,,,,,,,,,,,,,,,,,,,,,,,,,,,,,,,,,,,,,,,,,,,,,,,,,,,,,,,,,,,,,,,,,,,,,,,,,,,,,,,,,,,,,,,,,,,,,,,,,,,,,,,,,,,,,,,,,
,,,,,,,,,,,,,,,,,,,,,,,,,,,,,,,,,,,,,,,,,,,,,,,,,,,,,,,,,,,,,,,,,,,,,,,,,,,,,,,,,,,,,,,,,,,,,,,,,,,,,,,,,,,,,,,,,,,,,,
,,,,,,,,,,,,,,,,,,,,,,,,,,,,,,,,,,,,,,,,,,,,,,,,,,,,,,,,,,,,,,,,,,,,,,,,,,,,,,,,,,,,,,,,,,,,,,,,,,,,,,,,,,,,,,,,,,,,,,
,,,,,,,,,,,,,,,,,,,,,,,,,,,,,,,,,,,,,,,,,,,,,,,,,,,,,,,,,,,,,,,,,,,,,,,,,,,,,,,,,,,,,,,,,,,,,,,,,,,,,,,,,,,,,,,,,,,,,,
,,,,,,,,,,,,,,,,,,,,,,,,,,,,,,,,,,,,,,,,,,,,,,,,,,,,,,,,,,,,,,,,,,,,,,,,,,,,,,,,,,,,,,,,,,,,,,,,,,,,,,,,,,,,,,,,,,,,,,
,,,,,,,,,,,,,,,,,,,,,,,,,,,,,,,,,,,,,,,,,,,,,,,,,,,,,,,,,,,,,,,,,,,,,,,,,,,,,,,,,,,,,,,,,,,,,,,,,,,,,,,,,,,,,,,,,,,,,,
,,,,,,,,,,,,,,,,,,,,,,,,,,,,,,,,,,,,,,,,,,,,,,,,,,,,,,,,,,,,,,,,,,,,,,,,,,,,,,,,,,,,,,,,,,,,,,,,,,,,,,,,,,,,,,,,,,,,,,
,,,,,,,,,,,,,,,,,,,,,,,,,,,,,,,,,,,,,,,,,,,,,,,,,,,,,,,,,,,,,,,,,,,,,,,,,,,,,,,,,,,,,,,,,,,,,,,,,,,,,,,,,,,,,,,,,,,,,,
,,,,,,,,,,,,,,,,,,,,,,,,,,,,,,,,,,,,,,,,,,,,,,,,,,,,,,,,,,,,,,,,,,,,,,,,,,,,,,,,,,,,,,,,,,,,,,,,,,,,,,,,,,,,,,,,,,,,,,
,,,,,,,,,,,,,,,,,,,,,,,,,,,,,,,,,,,,,,,,,,,,,,,,,,,,,,,,,,,,,,,,,,,,,,,,,,,,,,,,,,,,,,,,,,,,,,,,,,,,,,,,,,,,,,,,,,,,,,
,,,,,,,,,,,,,,,,,,,,,,,,,,,,,,,,,,,,,,,,,,,,,,,,,,,,,,,,,,,,,,,,,,,,,,,,,,,,,,,,,,,,,,,,,,,,,,,,,,,,,,,,,,,,,,,,,,,,,,
,,,,,,,,,,,,,,,,,,,,,,,,,,,,,,,,,,,,,,,,,,,,,,,,,,,,,,,,,,,,,,,,,,,,,,,,,,,,,,,,,,,,,,,,,,,,,,,,,,,,,,,,,,,,,,,,,,,,,,
,,,,,,,,,,,,,,,,,,,,,,,,,,,,,,,,,,,,,,,,,,,,,,,,,,,,,,,,,,,,,,,,,,,,,,,,,,,,,,,,,,,,,,,,,,,,,,,,,,,,,,,,,,,,,,,,,,,,,,
,,,,,,,,,,,,,,,,,,,,,,,,,,,,,,,,,,,,,,,,,,,,,,,,,,,,,,,,,,,,,,,,,,,,,,,,,,,,,,,,,,,,,,,,,,,,,,,,,,,,,,,,,,,,,,,,,,,,,,
,,,,,,,,,,,,,,,,,,,,,,,,,,,,,,,,,,,,,,,,,,,,,,,,,,,,,,,,,,,,,,,,,,,,,,,,,,,,,,,,,,,,,,,,,,,,,,,,,,,,,,,,,,,,,,,,,,,,,,
,,,,,,,,,,,,,,,,,,,,,,,,,,,,,,,,,,,,,,,,,,,,,,,,,,,,,,,,,,,,,,,,,,,,,,,,,,,,,,,,,,,,,,,,,,,,,,,,,,,,,,,,,,,,,,,,,,,,,,
,,,,,,,,,,,,,,,,,,,,,,,,,,,,,,,,,,,,,,,,,,,,,,,,,,,,,,,,,,,,,,,,,,,,,,,,,,,,,,,,,,,,,,,,,,,,,,,,,,,,,,,,,,,,,,,,,,,,,,
,,,,,,,,,,,,,,,,,,,,,,,,,,,,,,,,,,,,,,,,,,,,,,,,,,,,,,,,,,,,,,,,,,,,,,,,,,,,,,,,,,,,,,,,,,,,,,,,,,,,,,,,,,,,,,,,,,,,,,
,,,,,,,,,,,,,,,,,,,,,,,,,,,,,,,,,,,,,,,,,,,,,,,,,,,,,,,,,,,,,,,,,,,,,,,,,,,,,,,,,,,,,,,,,,,,,,,,,,,,,,,,,,,,,,,,,,,,,,
,,,,,,,,,,,,,,,,,,,,,,,,,,,,,,,,,,,,,,,,,,,,,,,,,,,,,,,,,,,,,,,,,,,,,,,,,,,,,,,,,,,,,,,,,,,,,,,,,,,,,,,,,,,,,,,,,,,,,,
,,,,,,,,,,,,,,,,,,,,,,,,,,,,,,,,,,,,,,,,,,,,,,,,,,,,,,,,,,,,,,,,,,,,,,,,,,,,,,,,,,,,,,,,,,,,,,,,,,,,,,,,,,,,,,,,,,,,,,
,,,,,,,,,,,,,,,,,,,,,,,,,,,,,,,,,,,,,,,,,,,,,,,,,,,,,,,,,,,,,,,,,,,,,,,,,,,,,,,,,,,,,,,,,,,,,,,,,,,,,,,,,,,,,,,,,,,,,,
,,,,,,,,,,,,,,,,,,,,,,,,,,,,,,,,,,,,,,,,,,,,,,,,,,,,,,,,,,,,,,,,,,,,,,,,,,,,,,,,,,,,,,,,,,,,,,,,,,,,,,,,,,,,,,,,,,,,,,
,,,,,,,,,,,,,,,,,,,,,,,,,,,,,,,,,,,,,,,,,,,,,,,,,,,,,,,,,,,,,,,,,,,,,,,,,,,,,,,,,,,,,,,,,,,,,,,,,,,,,,,,,,,,,,,,,,,,,,
,,,,,,,,,,,,,,,,,,,,,,,,,,,,,,,,,,,,,,,,,,,,,,,,,,,,,,,,,,,,,,,,,,,,,,,,,,,,,,,,,,,,,,,,,,,,,,,,,,,,,,,,,,,,,,,,,,,,,,
,,,,,,,,,,,,,,,,,,,,,,,,,,,,,,,,,,,,,,,,,,,,,,,,,,,,,,,,,,,,,,,,,,,,,,,,,,,,,,,,,,,,,,,,,,,,,,,,,,,,,,,,,,,,,,,,,,,,,,
,,,,,,,,,,,,,,,,,,,,,,,,,,,,,,,,,,,,,,,,,,,,,,,,,,,,,,,,,,,,,,,,,,,,,,,,,,,,,,,,,,,,,,,,,,,,,,,,,,,,,,,,,,,,,,,,,,,,,,
,,,,,,,,,,,,,,,,,,,,,,,,,,,,,,,,,,,,,,,,,,,,,,,,,,,,,,,,,,,,,,,,,,,,,,,,,,,,,,,,,,,,,,,,,,,,,,,,,,,,,,,,,,,,,,,,,,,,,,
,,,,,,,,,,,,,,,,,,,,,,,,,,,,,,,,,,,,,,,,,,,,,,,,,,,,,,,,,,,,,,,,,,,,,,,,,,,,,,,,,,,,,,,,,,,,,,,,,,,,,,,,,,,,,,,,,,,,,,
,,,,,,,,,,,,,,,,,,,,,,,,,,,,,,,,,,,,,,,,,,,,,,,,,,,,,,,,,,,,,,,,,,,,,,,,,,,,,,,,,,,,,,,,,,,,,,,,,,,,,,,,,,,,,,,,,,,,,,
,,,,,,,,,,,,,,,,,,,,,,,,,,,,,,,,,,,,,,,,,,,,,,,,,,,,,,,,,,,,,,,,,,,,,,,,,,,,,,,,,,,,,,,,,,,,,,,,,,,,,,,,,,,,,,,,,,,,,,
,,,,,,,,,,,,,,,,,,,,,,,,,,,,,,,,,,,,,,,,,,,,,,,,,,,,,,,,,,,,,,,,,,,,,,,,,,,,,,,,,,,,,,,,,,,,,,,,,,,,,,,,,,,,,,,,,,,,,,
,,,,,,,,,,,,,,,,,,,,,,,,,,,,,,,,,,,,,,,,,,,,,,,,,,,,,,,,,,,,,,,,,,,,,,,,,,,,,,,,,,,,,,,,,,,,,,,,,,,,,,,,,,,,,,,,,,,,,,
,,,,,,,,,,,,,,,,,,,,,,,,,,,,,,,,,,,,,,,,,,,,,,,,,,,,,,,,,,,,,,,,,,,,,,,,,,,,,,,,,,,,,,,,,,,,,,,,,,,,,,,,,,,,,,,,,,,,,,
,,,,,,,,,,,,,,,,,,,,,,,,,,,,,,,,,,,,,,,,,,,,,,,,,,,,,,,,,,,,,,,,,,,,,,,,,,,,,,,,,,,,,,,,,,,,,,,,,,,,,,,,,,,,,,,,,,,,,,
,,,,,,,,,,,,,,,,,,,,,,,,,,,,,,,,,,,,,,,,,,,,,,,,,,,,,,,,,,,,,,,,,,,,,,,,,,,,,,,,,,,,,,,,,,,,,,,,,,,,,,,,,,,,,,,,,,,,,,
,,,,,,,,,,,,,,,,,,,,,,,,,,,,,,,,,,,,,,,,,,,,,,,,,,,,,,,,,,,,,,,,,,,,,,,,,,,,,,,,,,,,,,,,,,,,,,,,,,,,,,,,,,,,,,,,,,,,,,
,,,,,,,,,,,,,,,,,,,,,,,,,,,,,,,,,,,,,,,,,,,,,,,,,,,,,,,,,,,,,,,,,,,,,,,,,,,,,,,,,,,,,,,,,,,,,,,,,,,,,,,,,,,,,,,,,,,,,,
,,,,,,,,,,,,,,,,,,,,,,,,,,,,,,,,,,,,,,,,,,,,,,,,,,,,,,,,,,,,,,,,,,,,,,,,,,,,,,,,,,,,,,,,,,,,,,,,,,,,,,,,,,,,,,,,,,,,,,
,,,,,,,,,,,,,,,,,,,,,,,,,,,,,,,,,,,,,,,,,,,,,,,,,,,,,,,,,,,,,,,,,,,,,,,,,,,,,,,,,,,,,,,,,,,,,,,,,,,,,,,,,,,,,,,,,,,,,,
,,,,,,,,,,,,,,,,,,,,,,,,,,,,,,,,,,,,,,,,,,,,,,,,,,,,,,,,,,,,,,,,,,,,,,,,,,,,,,,,,,,,,,,,,,,,,,,,,,,,,,,,,,,,,,,,,,,,,,
,,,,,,,,,,,,,,,,,,,,,,,,,,,,,,,,,,,,,,,,,,,,,,,,,,,,,,,,,,,,,,,,,,,,,,,,,,,,,,,,,,,,,,,,,,,,,,,,,,,,,,,,,,,,,,,,,,,,,,
,,,,,,,,,,,,,,,,,,,,,,,,,,,,,,,,,,,,,,,,,,,,,,,,,,,,,,,,,,,,,,,,,,,,,,,,,,,,,,,,,,,,,,,,,,,,,,,,,,,,,,,,,,,,,,,,,,,,,,
,,,,,,,,,,,,,,,,,,,,,,,,,,,,,,,,,,,,,,,,,,,,,,,,,,,,,,,,,,,,,,,,,,,,,,,,,,,,,,,,,,,,,,,,,,,,,,,,,,,,,,,,,,,,,,,,,,,,,,
,,,,,,,,,,,,,,,,,,,,,,,,,,,,,,,,,,,,,,,,,,,,,,,,,,,,,,,,,,,,,,,,,,,,,,,,,,,,,,,,,,,,,,,,,,,,,,,,,,,,,,,,,,,,,,,,,,,,,,
,,,,,,,,,,,,,,,,,,,,,,,,,,,,,,,,,,,,,,,,,,,,,,,,,,,,,,,,,,,,,,,,,,,,,,,,,,,,,,,,,,,,,,,,,,,,,,,,,,,,,,,,,,,,,,,,,,,,,,
,,,,,,,,,,,,,,,,,,,,,,,,,,,,,,,,,,,,,,,,,,,,,,,,,,,,,,,,,,,,,,,,,,,,,,,,,,,,,,,,,,,,,,,,,,,,,,,,,,,,,,,,,,,,,,,,,,,,,,
,,,,,,,,,,,,,,,,,,,,,,,,,,,,,,,,,,,,,,,,,,,,,,,,,,,,,,,,,,,,,,,,,,,,,,,,,,,,,,,,,,,,,,,,,,,,,,,,,,,,,,,,,,,,,,,,,,,,,,
,,,,,,,,,,,,,,,,,,,,,,,,,,,,,,,,,,,,,,,,,,,,,,,,,,,,,,,,,,,,,,,,,,,,,,,,,,,,,,,,,,,,,,,,,,,,,,,,,,,,,,,,,,,,,,,,,,,,,,
,,,,,,,,,,,,,,,,,,,,,,,,,,,,,,,,,,,,,,,,,,,,,,,,,,,,,,,,,,,,,,,,,,,,,,,,,,,,,,,,,,,,,,,,,,,,,,,,,,,,,,,,,,,,,,,,,,,,,,
,,,,,,,,,,,,,,,,,,,,,,,,,,,,,,,,,,,,,,,,,,,,,,,,,,,,,,,,,,,,,,,,,,,,,,,,,,,,,,,,,,,,,,,,,,,,,,,,,,,,,,,,,,,,,,,,,,,,,,
,,,,,,,,,,,,,,,,,,,,,,,,,,,,,,,,,,,,,,,,,,,,,,,,,,,,,,,,,,,,,,,,,,,,,,,,,,,,,,,,,,,,,,,,,,,,,,,,,,,,,,,,,,,,,,,,,,,,,,
,,,,,,,,,,,,,,,,,,,,,,,,,,,,,,,,,,,,,,,,,,,,,,,,,,,,,,,,,,,,,,,,,,,,,,,,,,,,,,,,,,,,,,,,,,,,,,,,,,,,,,,,,,,,,,,,,,,,,,
,,,,,,,,,,,,,,,,,,,,,,,,,,,,,,,,,,,,,,,,,,,,,,,,,,,,,,,,,,,,,,,,,,,,,,,,,,,,,,,,,,,,,,,,,,,,,,,,,,,,,,,,,,,,,,,,,,,,,,
,,,,,,,,,,,,,,,,,,,,,,,,,,,,,,,,,,,,,,,,,,,,,,,,,,,,,,,,,,,,,,,,,,,,,,,,,,,,,,,,,,,,,,,,,,,,,,,,,,,,,,,,,,,,,,,,,,,,,,
,,,,,,,,,,,,,,,,,,,,,,,,,,,,,,,,,,,,,,,,,,,,,,,,,,,,,,,,,,,,,,,,,,,,,,,,,,,,,,,,,,,,,,,,,,,,,,,,,,,,,,,,,,,,,,,,,,,,,,
,,,,,,,,,,,,,,,,,,,,,,,,,,,,,,,,,,,,,,,,,,,,,,,,,,,,,,,,,,,,,,,,,,,,,,,,,,,,,,,,,,,,,,,,,,,,,,,,,,,,,,,,,,,,,,,,,,,,,,
,,,,,,,,,,,,,,,,,,,,,,,,,,,,,,,,,,,,,,,,,,,,,,,,,,,,,,,,,,,,,,,,,,,,,,,,,,,,,,,,,,,,,,,,,,,,,,,,,,,,,,,,,,,,,,,,,,,,,,
,,,,,,,,,,,,,,,,,,,,,,,,,,,,,,,,,,,,,,,,,,,,,,,,,,,,,,,,,,,,,,,,,,,,,,,,,,,,,,,,,,,,,,,,,,,,,,,,,,,,,,,,,,,,,,,,,,,,,,
,,,,,,,,,,,,,,,,,,,,,,,,,,,,,,,,,,,,,,,,,,,,,,,,,,,,,,,,,,,,,,,,,,,,,,,,,,,,,,,,,,,,,,,,,,,,,,,,,,,,,,,,,,,,,,,,,,,,,,
,,,,,,,,,,,,,,,,,,,,,,,,,,,,,,,,,,,,,,,,,,,,,,,,,,,,,,,,,,,,,,,,,,,,,,,,,,,,,,,,,,,,,,,,,,,,,,,,,,,,,,,,,,,,,,,,,,,,,,
,,,,,,,,,,,,,,,,,,,,,,,,,,,,,,,,,,,,,,,,,,,,,,,,,,,,,,,,,,,,,,,,,,,,,,,,,,,,,,,,,,,,,,,,,,,,,,,,,,,,,,,,,,,,,,,,,,,,,,
,,,,,,,,,,,,,,,,,,,,,,,,,,,,,,,,,,,,,,,,,,,,,,,,,,,,,,,,,,,,,,,,,,,,,,,,,,,,,,,,,,,,,,,,,,,,,,,,,,,,,,,,,,,,,,,,,,,,,,
,,,,,,,,,,,,,,,,,,,,,,,,,,,,,,,,,,,,,,,,,,,,,,,,,,,,,,,,,,,,,,,,,,,,,,,,,,,,,,,,,,,,,,,,,,,,,,,,,,,,,,,,,,,,,,,,,,,,,,
,,,,,,,,,,,,,,,,,,,,,,,,,,,,,,,,,,,,,,,,,,,,,,,,,,,,,,,,,,,,,,,,,,,,,,,,,,,,,,,,,,,,,,,,,,,,,,,,,,,,,,,,,,,,,,,,,,,,,,
,,,,,,,,,,,,,,,,,,,,,,,,,,,,,,,,,,,,,,,,,,,,,,,,,,,,,,,,,,,,,,,,,,,,,,,,,,,,,,,,,,,,,,,,,,,,,,,,,,,,,,,,,,,,,,,,,,,,,,
,,,,,,,,,,,,,,,,,,,,,,,,,,,,,,,,,,,,,,,,,,,,,,,,,,,,,,,,,,,,,,,,,,,,,,,,,,,,,,,,,,,,,,,,,,,,,,,,,,,,,,,,,,,,,,,,,,,,,,
,,,,,,,,,,,,,,,,,,,,,,,,,,,,,,,,,,,,,,,,,,,,,,,,,,,,,,,,,,,,,,,,,,,,,,,,,,,,,,,,,,,,,,,,,,,,,,,,,,,,,,,,,,,,,,,,,,,,,,