Number,Jar Number,Museum_number,PhD Tag,Species_name,Common Name,Field Collection ID,Collecting_site,Province,Country,GPS Coordinates,Collecting_year,Collecting_month,Collectiing_date,Observations,Photograph,Tagged,Dissection_date,Collector,Sex,Standard_length,Gonopodium_length,Wet-mass,Reproductive_state,Brood_number,Embryo_stage,Embryo_count,Stomach,Dry_mass,Brood_dry_mass,Brood_dry_mass_total,Season,,,,,,,,,,,,,,,,,,,,,,,,,,,,,,,,,,,,,,,,,,,,,,,,,,,,,,,,,,,,,,,,,,,,,,,,,,,,,,,,,,,,,,,
2,28,155535,None,Priapichthys annectens,Olomina,97-21,Rio Colorado (Upper),Guanacaste,Costa Rica,(no GPS info in field journal),1997,May,5/5/97,Museum tags in jar but not individually attached.,YES,YES,4/5/22,Erik Johnson,2,40.7,,1.3944,1,1,4,6,YES,,0.0328,,Wet,,,,,,,,,,,,,,,,,,,,,,,,,,,,,,,,,,,,,,,,,,,,,,,,,,,,,,,,,,,,,,,,,,,,,,,,,,,,,,,,,,,,,,,
4,28,155537,None,Priapichthys annectens,Olomina,97-21,Rio Colorado (Upper),Guanacaste,Costa Rica,(no GPS info in field journal),1997,May,5/5/97,Museum tags in jar but not individually attached.,YES,YES,4/5/22,Erik Johnson,2,49.9,,2.6213,1,1,9,7,YES,0.4962,0.0381,,Wet,,,,,,,,,,,,,,,,,,,,,,,,,,,,,,,,,,,,,,,,,,,,,,,,,,,,,,,,,,,,,,,,,,,,,,,,,,,,,,,,,,,,,,,
5,28,155538,None,Priapichthys annectens,Olomina,97-21,Rio Colorado (Upper),Guanacaste,Costa Rica,(no GPS info in field journal),1997,May,5/5/97,Museum tags in jar but not individually attached.,YES,YES,4/5/22,Erik Johnson,2,42.1,,1.4816,1,1,6,10,YES,0.2895,0.0313,,Wet,,,,,,,,,,,,,,,,,,,,,,,,,,,,,,,,,,,,,,,,,,,,,,,,,,,,,,,,,,,,,,,,,,,,,,,,,,,,,,,,,,,,,,,
7,28,155540,None,Priapichthys annectens,Olomina,97-21,Rio Colorado (Upper),Guanacaste,Costa Rica,(no GPS info in field journal),1997,May,5/5/97,Museum tags in jar but not individually attached.,YES,YES,4/5/22,Erik Johnson,2,45.8,,2.263,1,1,7,6,YES,0.4778,0.0366,,Wet,,,,,,,,,,,,,,,,,,,,,,,,,,,,,,,,,,,,,,,,,,,,,,,,,,,,,,,,,,,,,,,,,,,,,,,,,,,,,,,,,,,,,,,
8,28,155541,None,Priapichthys annectens,Olomina,97-21,Rio Colorado (Upper),Guanacaste,Costa Rica,(no GPS info in field journal),1997,May,5/5/97,Museum tags in jar but not individually attached.,YES,YES,4/5/22,Erik Johnson,0,34.5,,0.7022,0,0,NA,NA,YES,,NA,,Wet,,,,,,,,,,,,,,,,,,,,,,,,,,,,,,,,,,,,,,,,,,,,,,,,,,,,,,,,,,,,,,,,,,,,,,,,,,,,,,,,,,,,,,,
13,28,155546,None,Priapichthys annectens,Olomina,97-21,Rio Colorado (Upper),Guanacaste,Costa Rica,(no GPS info in field journal),1997,May,5/5/97,Museum tags in jar but not individually attached.,YES,YES,4/1/22,Erik Johnson,2,44.4,,1.817,1,1,7,5,YES,0.3625,0.0274,,Wet,,,,,,,,,,,,,,,,,,,,,,,,,,,,,,,,,,,,,,,,,,,,,,,,,,,,,,,,,,,,,,,,,,,,,,,,,,,,,,,,,,,,,,,
18,28,155551,None,Priapichthys annectens,Olomina,97-21,Rio Colorado (Upper),Guanacaste,Costa Rica,(no GPS info in field journal),1997,May,5/5/97,Museum tags in jar but not individually attached.,YES,YES,4/5/22,Erik Johnson,0,38.1,,0.93,0,0,NA,NA,YES,0.2055,NA,,Wet,,,,,,,,,,,,,,,,,,,,,,,,,,,,,,,,,,,,,,,,,,,,,,,,,,,,,,,,,,,,,,,,,,,,,,,,,,,,,,,,,,,,,,,
20,28,155553,None,Priapichthys annectens,Olomina,97-21,Rio Colorado (Upper),Guanacaste,Costa Rica,(no GPS info in field journal),1997,May,5/5/97,Museum tags in jar but not individually attached.,YES,YES,4/5/22,Erik Johnson,2,36.3,,1.0189,1,1,3,5,YES,0.2001,0.0198,,Wet,,,,,,,,,,,,,,,,,,,,,,,,,,,,,,,,,,,,,,,,,,,,,,,,,,,,,,,,,,,,,,,,,,,,,,,,,,,,,,,,,,,,,,,
29,28,155562,None,Priapichthys annectens,Olomina,97-21,Rio Colorado (Upper),Guanacaste,Costa Rica,(no GPS info in field journal),1997,May,5/5/97,Museum tags in jar but not individually attached.,YES,YES,4/1/22,Erik Johnson,2,49.5,,2.985,1,2,3,10,YES,0.6278,0.0705,,Wet,,,,,,,,,,,,,,,,,,,,,,,,,,,,,,,,,,,,,,,,,,,,,,,,,,,,,,,,,,,,,,,,,,,,,,,,,,,,,,,,,,,,,,,
40,28,155573,None,Priapichthys annectens,Olomina,97-21,Rio Colorado (Upper),Guanacaste,Costa Rica,(no GPS info in field journal),1997,May,5/5/97,Museum tags in jar but not individually attached.,YES,YES,4/5/22,Erik Johnson,2,48.6,,2.2885,1,1,4,4,YES,,0.0222,,Wet,,,,,,,,,,,,,,,,,,,,,,,,,,,,,,,,,,,,,,,,,,,,,,,,,,,,,,,,,,,,,,,,,,,,,,,,,,,,,,,,,,,,,,,
42,28,155575,None,Priapichthys annectens,Olomina,97-21,Rio Colorado (Upper),Guanacaste,Costa Rica,(no GPS info in field journal),1997,May,5/5/97,Museum tags in jar but not individually attached.,YES,YES,4/5/22,Erik Johsnon,2,43.7,,1.629,1,1,3,3,YES,0.3436,0.0107,,Wet,,,,,,,,,,,,,,,,,,,,,,,,,,,,,,,,,,,,,,,,,,,,,,,,,,,,,,,,,,,,,,,,,,,,,,,,,,,,,,,,,,,,,,,
43,28,155576,None,Priapichthys annectens,Olomina,97-21,Rio Colorado (Upper),Guanacaste,Costa Rica,(no GPS info in field journal),1997,May,5/5/97,Museum tags in jar but not individually attached.,YES,YES,4/5/22,Erik Johsnon,0,29.6,,0.5008,0,0,NA,NA,YES,0.1095,NA,,Wet,,,,,,,,,,,,,,,,,,,,,,,,,,,,,,,,,,,,,,,,,,,,,,,,,,,,,,,,,,,,,,,,,,,,,,,,,,,,,,,,,,,,,,,
45,28,155578,None,Priapichthys annectens,Olomina,97-21,Rio Colorado (Upper),Guanacaste,Costa Rica,(no GPS info in field journal),1997,May,5/5/97,Museum tags in jar but not individually attached.,YES,YES,4/5/22,Erik Johnson,2,52.9,,3.456,1,1,11,16,YES,0.6634,0.101,,Wet,,,,,,,,,,,,,,,,,,,,,,,,,,,,,,,,,,,,,,,,,,,,,,,,,,,,,,,,,,,,,,,,,,,,,,,,,,,,,,,,,,,,,,,
46,28,155579,None,Priapichthys annectens,Olomina,97-21,Rio Colorado (Upper),Guanacaste,Costa Rica,(no GPS info in field journal),1997,May,5/5/97,Museum tags in jar but not individually attached.,YES,YES,4/5/22,Erik Johnson,0,35,,0.9654,0,0,NA,NA,YES,0.2005,NA,,Wet,,,,,,,,,,,,,,,,,,,,,,,,,,,,,,,,,,,,,,,,,,,,,,,,,,,,,,,,,,,,,,,,,,,,,,,,,,,,,,,,,,,,,,,
51,28,155584,None,Priapichthys annectens,Olomina,97-21,Rio Colorado (Upper),Guanacaste,Costa Rica,(no GPS info in field journal),1997,May,5/5/97,Museum tags in jar but not individually attached.,YES,YES,4/5/22,Erik Johnson,2,36.4,,1.1058,1,1,3,4,YES,0.2391,0.0125,,Wet,,,,,,,,,,,,,,,,,,,,,,,,,,,,,,,,,,,,,,,,,,,,,,,,,,,,,,,,,,,,,,,,,,,,,,,,,,,,,,,,,,,,,,,
53,28,155586,None,Priapichthys annectens,Olomina,97-21,Rio Colorado (Upper),Guanacaste,Costa Rica,(no GPS info in field journal),1997,May,5/5/97,Museum tags in jar but not individually attached.,YES,YES,4/5/22,Erik Johnson,2,41.1,,1.2256,1,1,4,3,YES,0.2659,0.0106,,Wet,,,,,,,,,,,,,,,,,,,,,,,,,,,,,,,,,,,,,,,,,,,,,,,,,,,,,,,,,,,,,,,,,,,,,,,,,,,,,,,,,,,,,,,
56,28,155589,None,Priapichthys annectens,Olomina,97-21,Rio Colorado (Upper),Guanacaste,Costa Rica,(no GPS info in field journal),1997,May,5/5/97,Museum tags in jar but not individually attached.,YES,YES,4/5/22,Erik Johnson,2,38.8,,0.8361,1,1,8,5,YES,0.2072,0.0142,,Wet,,,,,,,,,,,,,,,,,,,,,,,,,,,,,,,,,,,,,,,,,,,,,,,,,,,,,,,,,,,,,,,,,,,,,,,,,,,,,,,,,,,,,,,
57,28,155590,None,Priapichthys annectens,Olomina,97-21,Rio Colorado (Upper),Guanacaste,Costa Rica,(no GPS info in field journal),1997,May,5/5/97,Museum tags in jar but not individually attached.,YES,YES,4/5/22,Erik Johnson,0,34.3,,0.7358,0,0,NA,NA,YES,0.1466,NA,,Wet,,,,,,,,,,,,,,,,,,,,,,,,,,,,,,,,,,,,,,,,,,,,,,,,,,,,,,,,,,,,,,,,,,,,,,,,,,,,,,,,,,,,,,,
59,28,155592,None,Priapichthys annectens,Olomina,97-21,Rio Colorado (Upper),Guanacaste,Costa Rica,(no GPS info in field journal),1997,May,5/5/97,Museum tags in jar but not individually attached.,YES,YES,4/1/22,Erik Johnson,2,51.7,,2.659,1,1,4,10,YES,0.5365,0.0578,,Wet,,,,,,,,,,,,,,,,,,,,,,,,,,,,,,,,,,,,,,,,,,,,,,,,,,,,,,,,,,,,,,,,,,,,,,,,,,,,,,,,,,,,,,,
60,28,155593,None,Priapichthys annectens,Olomina,97-21,Rio Colorado (Upper),Guanacaste,Costa Rica,(no GPS info in field journal),1997,May,5/5/97,Museum tags in jar but not individually attached.,YES,YES,4/5/22,Erik Johnson,0,33.5,,0.6863,0,0,NA,NA,YES,0.1466,NA,,Wet,,,,,,,,,,,,,,,,,,,,,,,,,,,,,,,,,,,,,,,,,,,,,,,,,,,,,,,,,,,,,,,,,,,,,,,,,,,,,,,,,,,,,,,
65,28,155598,None,Priapichthys annectens,Olomina,97-21,Rio Colorado (Upper),Guanacaste,Costa Rica,(no GPS info in field journal),1997,May,5/5/97,Museum tags in jar but not individually attached.,YES,YES,4/1/22,Erik Johnson,2,56.4,,,1,1,4,9,YES,0.7405,0.0496,,Wet,,,,,,,,,,,,,,,,,,,,,,,,,,,,,,,,,,,,,,,,,,,,,,,,,,,,,,,,,,,,,,,,,,,,,,,,,,,,,,,,,,,,,,,
67,28,155600,None,Priapichthys annectens,Olomina,97-21,Rio Colorado (Upper),Guanacaste,Costa Rica,(no GPS info in field journal),1997,May,5/5/97,Museum tags in jar but not individually attached.,YES,YES,4/1/22,Erik Johnson,2,45.5,,2.127,1,1,3,4,YES,0.4303,0.0039,,Wet,,,,,,,,,,,,,,,,,,,,,,,,,,,,,,,,,,,,,,,,,,,,,,,,,,,,,,,,,,,,,,,,,,,,,,,,,,,,,,,,,,,,,,,
70,28,155603,None,Priapichthys annectens,Olomina,97-21,Rio Colorado (Upper),Guanacaste,Costa Rica,(no GPS info in field journal),1997,May,5/5/97,Museum tags in jar but not individually attached.,YES,YES,4/5/22,Erik Johnson,2,52.4,,3.27,1,1,8,16,YES,0.6627,0.0949,,Wet,,,,,,,,,,,,,,,,,,,,,,,,,,,,,,,,,,,,,,,,,,,,,,,,,,,,,,,,,,,,,,,,,,,,,,,,,,,,,,,,,,,,,,,
71,28,155604,None,Priapichthys annectens,Olomina,97-21,Rio Colorado (Upper),Guanacaste,Costa Rica,(no GPS info in field journal),1997,May,5/5/97,Museum tags in jar but not individually attached.,YES,YES,4/5/22,Erik Johnson,2,44.1,,1.86,1,1,11,7,YES,0.3579,0.022,,Wet,,,,,,,,,,,,,,,,,,,,,,,,,,,,,,,,,,,,,,,,,,,,,,,,,,,,,,,,,,,,,,,,,,,,,,,,,,,,,,,,,,,,,,,
72,28,155605,None,Priapichthys annectens,Olomina,97-21,Rio Colorado (Upper),Guanacaste,Costa Rica,(no GPS info in field journal),1997,May,5/5/97,Museum tags in jar but not individually attached.,YES,YES,4/5/22,Erik Johnson,2,36.7,,1.0766,1,1,8,7,YES,0.2431,0.0202,,Wet,,,,,,,,,,,,,,,,,,,,,,,,,,,,,,,,,,,,,,,,,,,,,,,,,,,,,,,,,,,,,,,,,,,,,,,,,,,,,,,,,,,,,,,
1,29,155690,None,Priapichthys annectens,Olomina,97-21,Rio Colorado (Upper),Guanacaste,Costa Rica,(no GPS info in field journal),1997,May,5/5/97,Museum tags in jar but not individually attached.,YES,YES,4/7/22,Erik Johnson,2,52.2,,3.0005,1,1,4,17,YES,0.5678,0.098,,Wet,,,,,,,,,,,,,,,,,,,,,,,,,,,,,,,,,,,,,,,,,,,,,,,,,,,,,,,,,,,,,,,,,,,,,,,,,,,,,,,,,,,,,,,
4,29,155693,None,Priapichthys annectens,Olomina,97-21,Rio Colorado (Upper),Guanacaste,Costa Rica,(no GPS info in field journal),1997,May,5/5/97,Museum tags in jar but not individually attached.,YES,YES,4/7/22,Erik Johnson,2,49.3,,2.6184,1,1,9,8,YES,0.5556,0.0301,,Wet,,,,,,,,,,,,,,,,,,,,,,,,,,,,,,,,,,,,,,,,,,,,,,,,,,,,,,,,,,,,,,,,,,,,,,,,,,,,,,,,,,,,,,,
16,29,155705,None,Priapichthys annectens,Olomina,97-21,Rio Colorado (Upper),Guanacaste,Costa Rica,(no GPS info in field journal),1997,May,5/5/97,Museum tags in jar but not individually attached.,YES,YES,4/7/22,Erik Johnson,2,45,,2.0149,1,1,10,6,YES,0.4104,0.0206,,Wet,,,,,,,,,,,,,,,,,,,,,,,,,,,,,,,,,,,,,,,,,,,,,,,,,,,,,,,,,,,,,,,,,,,,,,,,,,,,,,,,,,,,,,,
31,29,155720,None,Priapichthys annectens,Olomina,97-21,Rio Colorado (Upper),Guanacaste,Costa Rica,(no GPS info in field journal),1997,May,5/5/97,Museum tags in jar but not individually attached.,YES,YES,4/7/22,Erik Johnson,0,30.3,,0.6205,0,0,NA,NA,YES,0.1297,NA,,Wet,,,,,,,,,,,,,,,,,,,,,,,,,,,,,,,,,,,,,,,,,,,,,,,,,,,,,,,,,,,,,,,,,,,,,,,,,,,,,,,,,,,,,,,
34,29,155723,None,Priapichthys annectens,Olomina,97-21,Rio Colorado (Upper),Guanacaste,Costa Rica,(no GPS info in field journal),1997,May,5/5/97,Museum tags in jar but not individually attached.,YES,YES,4/7/22,Erik Johnson,0,34.2,,0.7223,0,0,NA,NA,YES,0.1544,NA,,Wet,,,,,,,,,,,,,,,,,,,,,,,,,,,,,,,,,,,,,,,,,,,,,,,,,,,,,,,,,,,,,,,,,,,,,,,,,,,,,,,,,,,,,,,
6,11,154136,None,Priapichthys annectens,Olomina,6-Jun,Rio Quebrada Guape,Guanacaste,Costa Rica,N 10o 33.795 W 84o 55.251,2006,February,2/10/06,Museum tags in jar but not individually attached.,YES,YES,4/11/22,Erik Johnson,2,52,,2.5026,1,1,3,16,YES,0.6147,0.0741,,Dry,,,,,,,,,,,,,,,,,,,,,,,,,,,,,,,,,,,,,,,,,,,,,,,,,,,,,,,,,,,,,,,,,,,,,,,,,,,,,,,,,,,,,,,
7,11,154137,None,Priapichthys annectens,Olomina,6-Jun,Rio Quebrada Guape,Guanacaste,Costa Rica,N 10o 33.795 W 84o 55.251,2006,February,2/10/06,Museum tags in jar but not individually attached.,YES,YES,4/11/22,Erik Johnson,2,57.1,,3.5048,1,1,3,29,YES,0.7603,0.1384,,Dry,,,,,,,,,,,,,,,,,,,,,,,,,,,,,,,,,,,,,,,,,,,,,,,,,,,,,,,,,,,,,,,,,,,,,,,,,,,,,,,,,,,,,,,
8,11,154138,None,Priapichthys annectens,Olomina,6-Jun,Rio Quebrada Guape,Guanacaste,Costa Rica,N 10o 33.795 W 84o 55.251,2006,February,2/10/06,Museum tags in jar but not individually attached.,YES,YES,4/11/22,Erik Johnson,2,47.6,,1.9622,1,1,11,11,YES,0.4336,0.0338,,Dry,,,,,,,,,,,,,,,,,,,,,,,,,,,,,,,,,,,,,,,,,,,,,,,,,,,,,,,,,,,,,,,,,,,,,,,,,,,,,,,,,,,,,,,
9,11,154139,None,Priapichthys annectens,Olomina,6-Jun,Rio Quebrada Guape,Guanacaste,Costa Rica,N 10o 33.795 W 84o 55.251,2006,February,2/10/06,Museum tags in jar but not individually attached.,YES,YES,4/11/22,Erik Johnson,2,52.9,,2.7576,1,1,4,27,YES,0.591,0.1263,,Dry,,,,,,,,,,,,,,,,,,,,,,,,,,,,,,,,,,,,,,,,,,,,,,,,,,,,,,,,,,,,,,,,,,,,,,,,,,,,,,,,,,,,,,,
10,11,154140,None,Priapichthys annectens,Olomina,6-Jun,Rio Quebrada Guape,Guanacaste,Costa Rica,N 10o 33.795 W 84o 55.251,2006,February,2/10/06,Museum tags in jar but not individually attached.,YES,YES,4/12/22,Erik Johnson,2,34.4,,0.7781,1,1,6,4,YES,0.1749,0.0149,,Dry,,,,,,,,,,,,,,,,,,,,,,,,,,,,,,,,,,,,,,,,,,,,,,,,,,,,,,,,,,,,,,,,,,,,,,,,,,,,,,,,,,,,,,,
11,11,154141,None,Priapichthys annectens,Olomina,6-Jun,Rio Quebrada Guape,Guanacaste,Costa Rica,N 10o 33.795 W 84o 55.251,2006,February,2/10/06,Museum tags in jar but not individually attached.,YES,YES,4/11/22,Erik Johnson,2,51.7,,2.6668,1,1,10,19,YES,0.5994,0.0766,,Dry,,,,,,,,,,,,,,,,,,,,,,,,,,,,,,,,,,,,,,,,,,,,,,,,,,,,,,,,,,,,,,,,,,,,,,,,,,,,,,,,,,,,,,,
12,11,154142,None,Priapichthys annectens,Olomina,6-Jun,Rio Quebrada Guape,Guanacaste,Costa Rica,N 10o 33.795 W 84o 55.251,2006,February,2/10/06,Museum tags in jar but not individually attached.,YES,YES,4/12/22,Erik Johnson,2,46.2,,2.0013,1,1,8,15,YES,0.4408,0.055,,Dry,,,,,,,,,,,,,,,,,,,,,,,,,,,,,,,,,,,,,,,,,,,,,,,,,,,,,,,,,,,,,,,,,,,,,,,,,,,,,,,,,,,,,,,
13,11,154143,None,Priapichthys annectens,Olomina,6-Jun,Rio Quebrada Guape,Guanacaste,Costa Rica,N 10o 33.795 W 84o 55.251,2006,February,2/10/06,Museum tags in jar but not individually attached.,YES,YES,4/11/22,Erik Johnson,2,48.4,,2.3022,1,1,5,13,YES,0.4985,0.0674,,Dry,,,,,,,,,,,,,,,,,,,,,,,,,,,,,,,,,,,,,,,,,,,,,,,,,,,,,,,,,,,,,,,,,,,,,,,,,,,,,,,,,,,,,,,
15,11,154145,None,Priapichthys annectens,Olomina,6-Jun,Rio Quebrada Guape,Guanacaste,Costa Rica,N 10o 33.795 W 84o 55.251,2006,February,2/10/06,Museum tags in jar but not individually attached.,YES,YES,4/11/22,Erik Johnson,2,51.5,,2.57,1,1,3,21,YES,0.6012,0.0663,,Dry,,,,,,,,,,,,,,,,,,,,,,,,,,,,,,,,,,,,,,,,,,,,,,,,,,,,,,,,,,,,,,,,,,,,,,,,,,,,,,,,,,,,,,,
16,11,154146,None,Priapichthys annectens,Olomina,6-Jun,Rio Quebrada Guape,Guanacaste,Costa Rica,N 10o 33.795 W 84o 55.251,2006,February,2/10/06,Museum tags in jar but not individually attached.,YES,YES,4/11/22,Erik Johnson,2,47,,2.0003,1,1,4,21,YES,0.4568,0.0826,,Dry,,,,,,,,,,,,,,,,,,,,,,,,,,,,,,,,,,,,,,,,,,,,,,,,,,,,,,,,,,,,,,,,,,,,,,,,,,,,,,,,,,,,,,,
17,11,154147,None,Priapichthys annectens,Olomina,6-Jun,Rio Quebrada Guape,Guanacaste,Costa Rica,N 10o 33.795 W 84o 55.251,2006,February,2/10/06,Museum tags in jar but not individually attached.,YES,YES,4/12/22,Erik Johnson,2,47.5,,2.0406,1,1,8,12,YES,0.4635,0.0578,,Dry,,,,,,,,,,,,,,,,,,,,,,,,,,,,,,,,,,,,,,,,,,,,,,,,,,,,,,,,,,,,,,,,,,,,,,,,,,,,,,,,,,,,,,,
18,11,154148,None,Priapichthys annectens,Olomina,6-Jun,Rio Quebrada Guape,Guanacaste,Costa Rica,N 10o 33.795 W 84o 55.251,2006,February,2/10/06,Museum tags in jar but not individually attached.,YES,YES,4/11/22,Erik Johnson,2,53.2,,2.7933,1,1,1,,YES,0.4985,0.0291,,Dry,,,,,,,,,,,,,,,,,,,,,,,,,,,,,,,,,,,,,,,,,,,,,,,,,,,,,,,,,,,,,,,,,,,,,,,,,,,,,,,,,,,,,,,
19,11,154149,None,Priapichthys annectens,Olomina,6-Jun,Rio Quebrada Guape,Guanacaste,Costa Rica,N 10o 33.795 W 84o 55.251,2006,February,2/10/06,Museum tags in jar but not individually attached.,YES,YES,4/12/22,Erik Johnson,2,46.5,,1.9748,1,1,3,18,YES,0.4439,0.0741,,Dry,,,,,,,,,,,,,,,,,,,,,,,,,,,,,,,,,,,,,,,,,,,,,,,,,,,,,,,,,,,,,,,,,,,,,,,,,,,,,,,,,,,,,,,
20,11,154150,None,Priapichthys annectens,Olomina,6-Jun,Rio Quebrada Guape,Guanacaste,Costa Rica,N 10o 33.795 W 84o 55.251,2006,February,2/10/06,Museum tags in jar but not individually attached.,YES,YES,4/11/22,Erik Johnson,2,50.6,,2.3732,1,1,9,11,YES,0.5551,0.0509,,Dry,,,,,,,,,,,,,,,,,,,,,,,,,,,,,,,,,,,,,,,,,,,,,,,,,,,,,,,,,,,,,,,,,,,,,,,,,,,,,,,,,,,,,,,
21,11,154151,None,Priapichthys annectens,Olomina,6-Jun,Rio Quebrada Guape,Guanacaste,Costa Rica,N 10o 33.795 W 84o 55.251,2006,February,2/10/06,Museum tags in jar but not individually attached.,YES,YES,4/11/22,Erik Johnson,0,36.6,,0.8454,0,0,NA,NA,YES,0.2001,NA,,Dry,,,,,,,,,,,,,,,,,,,,,,,,,,,,,,,,,,,,,,,,,,,,,,,,,,,,,,,,,,,,,,,,,,,,,,,,,,,,,,,,,,,,,,,
22,11,154152,None,Priapichthys annectens,Olomina,6-Jun,Rio Quebrada Guape,Guanacaste,Costa Rica,N 10o 33.795 W 84o 55.251,2006,February,2/10/06,Museum tags in jar but not individually attached.,YES,YES,4/11/22,Erik Johnson,2,34.5,,0.8022,1,1,4,4,YES,0.1797,0.0156,,Dry,,,,,,,,,,,,,,,,,,,,,,,,,,,,,,,,,,,,,,,,,,,,,,,,,,,,,,,,,,,,,,,,,,,,,,,,,,,,,,,,,,,,,,,
23,11,154153,None,Priapichthys annectens,Olomina,6-Jun,Rio Quebrada Guape,Guanacaste,Costa Rica,N 10o 33.795 W 84o 55.251,2006,February,2/10/06,Museum tags in jar but not individually attached.,YES,YES,4/12/22,Erik Johnson,0,31.6,,0.5589,0,0,NA,NA,YES,0.1292,NA,,Dry,,,,,,,,,,,,,,,,,,,,,,,,,,,,,,,,,,,,,,,,,,,,,,,,,,,,,,,,,,,,,,,,,,,,,,,,,,,,,,,,,,,,,,,
37,11,154167,None,Priapichthys annectens,Olomina,6-Jun,Rio Quebrada Guape,Guanacaste,Costa Rica,N 10o 33.795 W 84o 55.251,2006,February,2/10/06,Museum tags in jar but not individually attached.,YES,YES,4/11/22,Erik Johnson,2,44.7,,1.8423,1,1,8,9,YES,0.4153,0.0362,,Dry,,,,,,,,,,,,,,,,,,,,,,,,,,,,,,,,,,,,,,,,,,,,,,,,,,,,,,,,,,,,,,,,,,,,,,,,,,,,,,,,,,,,,,,
38,11,154168,None,Priapichthys annectens,Olomina,6-Jun,Rio Quebrada Guape,Guanacaste,Costa Rica,N 10o 33.795 W 84o 55.251,2006,February,2/10/06,Museum tags in jar but not individually attached.,YES,YES,4/11/22,Erik Johnson,2,54,,2.9745,1,1,3,16,YES,0.705,0.0701,,Dry,,,,,,,,,,,,,,,,,,,,,,,,,,,,,,,,,,,,,,,,,,,,,,,,,,,,,,,,,,,,,,,,,,,,,,,,,,,,,,,,,,,,,,,
39,11,154169,None,Priapichthys annectens,Olomina,6-Jun,Rio Quebrada Guape,Guanacaste,Costa Rica,N 10o 33.795 W 84o 55.251,2006,February,2/10/06,Museum tags in jar but not individually attached.,YES,YES,4/11/22,Erik Johnson,2,42.9,,1.7795,1,1,10,11,YES,0.4015,0.0357,,Dry,,,,,,,,,,,,,,,,,,,,,,,,,,,,,,,,,,,,,,,,,,,,,,,,,,,,,,,,,,,,,,,,,,,,,,,,,,,,,,,,,,,,,,,
40,11,154170,None,Priapichthys annectens,Olomina,6-Jun,Rio Quebrada Guape,Guanacaste,Costa Rica,N 10o 33.795 W 84o 55.251,2006,February,2/10/06,Museum tags in jar but not individually attached.,YES,YES,4/12/22,Erik Johnson,2,37.2,,0.9847,1,1,7,7,YES,0.234,0.0178,,Dry,,,,,,,,,,,,,,,,,,,,,,,,,,,,,,,,,,,,,,,,,,,,,,,,,,,,,,,,,,,,,,,,,,,,,,,,,,,,,,,,,,,,,,,
41,11,154171,None,Priapichthys annectens,Olomina,6-Jun,Rio Quebrada Guape,Guanacaste,Costa Rica,N 10o 33.795 W 84o 55.251,2006,February,2/10/06,Museum tags in jar but not individually attached.,YES,YES,4/12/22,Erik Johnson,0,28.9,,0.4101,0,0,NA,NA,YES,0.0972,NA,,Dry,,,,,,,,,,,,,,,,,,,,,,,,,,,,,,,,,,,,,,,,,,,,,,,,,,,,,,,,,,,,,,,,,,,,,,,,,,,,,,,,,,,,,,,
44,11,154174,None,Priapichthys annectens,Olomina,6-Jun,Rio Quebrada Guape,Guanacaste,Costa Rica,N 10o 33.795 W 84o 55.251,2006,February,2/10/06,Museum tags in jar but not individually attached.,YES,YES,4/12/22,Erik Johnson,0,30.2,,0.4954,0,0,NA,NA,YES,0.11,NA,,Dry,,,,,,,,,,,,,,,,,,,,,,,,,,,,,,,,,,,,,,,,,,,,,,,,,,,,,,,,,,,,,,,,,,,,,,,,,,,,,,,,,,,,,,,
46,11,154176,None,Priapichthys annectens,Olomina,6-Jun,Rio Quebrada Guape,Guanacaste,Costa Rica,N 10o 33.795 W 84o 55.251,2006,February,2/10/06,Museum tags in jar but not individually attached.,YES,YES,4/12/22,Erik Johnson,0,29.4,,0.4555,0,0,NA,NA,YES,0.1102,NA,,Dry,,,,,,,,,,,,,,,,,,,,,,,,,,,,,,,,,,,,,,,,,,,,,,,,,,,,,,,,,,,,,,,,,,,,,,,,,,,,,,,,,,,,,,,
52,11,154182,None,Priapichthys annectens,Olomina,6-Jun,Rio Quebrada Guape,Guanacaste,Costa Rica,N 10o 33.795 W 84o 55.251,2006,February,2/10/06,Museum tags in jar but not individually attached.,YES,YES,4/12/22,Erik Johnson,0,34.9,,0.738,0,0,NA,NA,YES,0.1703,NA,,Dry,,,,,,,,,,,,,,,,,,,,,,,,,,,,,,,,,,,,,,,,,,,,,,,,,,,,,,,,,,,,,,,,,,,,,,,,,,,,,,,,,,,,,,,
8,24,154904,None,Priapichthys annectens,Olomina,11-Jun,Quebrada Homiguera,Guanacaste,Costa Rica,N 10o 41.454 W 85o 05.019,2006,February,2/11/06,Museum tags in jar but not individually attached.,YES,YES,4/13/22,Erik Johnson,2,43.4,,1.7005,1,1,4,22,YES,0.3605,0.0855,,Dry,,,,,,,,,,,,,,,,,,,,,,,,,,,,,,,,,,,,,,,,,,,,,,,,,,,,,,,,,,,,,,,,,,,,,,,,,,,,,,,,,,,,,,,
9,24,154905,None,Priapichthys annectens,Olomina,11-Jun,Quebrada Homiguera,Guanacaste,Costa Rica,N 10o 41.454 W 85o 05.019,2006,February,2/11/06,Museum tags in jar but not individually attached.,YES,YES,4/13/22,Erik Johnson,2,51.3,,3.0471,1,1,6,34,YES,0.6283,0.1316,,Dry,,,,,,,,,,,,,,,,,,,,,,,,,,,,,,,,,,,,,,,,,,,,,,,,,,,,,,,,,,,,,,,,,,,,,,,,,,,,,,,,,,,,,,,
10,24,154906,None,Priapichthys annectens,Olomina,11-Jun,Quebrada Homiguera,Guanacaste,Costa Rica,N 10o 41.454 W 85o 05.019,2006,February,2/11/06,Museum tags in jar but not individually attached.,YES,YES,4/13/22,Erik Johnson,2,49.6,,2.1025,1,1,6,20,YES,0.4792,0.0695,,Dry,,,,,,,,,,,,,,,,,,,,,,,,,,,,,,,,,,,,,,,,,,,,,,,,,,,,,,,,,,,,,,,,,,,,,,,,,,,,,,,,,,,,,,,
11,24,154907,None,Priapichthys annectens,Olomina,11-Jun,Quebrada Homiguera,Guanacaste,Costa Rica,N 10o 41.454 W 85o 05.019,2006,February,2/11/06,Museum tags in jar but not individually attached.,YES,YES,4/13/22,Erik Johnson,2,46.9,,2.2173,1,1,9,23,YES,0.4892,0.0711,,Dry,,,,,,,,,,,,,,,,,,,,,,,,,,,,,,,,,,,,,,,,,,,,,,,,,,,,,,,,,,,,,,,,,,,,,,,,,,,,,,,,,,,,,,,
12,24,154908,None,Priapichthys annectens,Olomina,11-Jun,Quebrada Homiguera,Guanacaste,Costa Rica,N 10o 41.454 W 85o 05.019,2006,February,2/11/06,Museum tags in jar but not individually attached.,YES,YES,4/13/22,Erik Johnson,2,46.1,,1.8222,1,1,3,17,YES,0.4016,0.0616,,Dry,,,,,,,,,,,,,,,,,,,,,,,,,,,,,,,,,,,,,,,,,,,,,,,,,,,,,,,,,,,,,,,,,,,,,,,,,,,,,,,,,,,,,,,
13,24,154909,None,Priapichthys annectens,Olomina,11-Jun,Quebrada Homiguera,Guanacaste,Costa Rica,N 10o 41.454 W 85o 05.019,2006,February,2/11/06,Museum tags in jar but not individually attached.,YES,YES,4/13/22,Erik Johnson,2,38.8,,1.2386,1,1,11,5,YES,0.2572,0.0108,,Dry,,,,,,,,,,,,,,,,,,,,,,,,,,,,,,,,,,,,,,,,,,,,,,,,,,,,,,,,,,,,,,,,,,,,,,,,,,,,,,,,,,,,,,,
14,24,154910,None,Priapichthys annectens,Olomina,11-Jun,Quebrada Homiguera,Guanacaste,Costa Rica,N 10o 41.454 W 85o 05.019,2006,February,2/11/06,Museum tags in jar but not individually attached.,YES,YES,4/13/22,Erik Johnson,2,45.8,,2.0133,1,1,8,17,YES,0.4332,0.0656,,Dry,,,,,,,,,,,,,,,,,,,,,,,,,,,,,,,,,,,,,,,,,,,,,,,,,,,,,,,,,,,,,,,,,,,,,,,,,,,,,,,,,,,,,,,
15,24,154911,None,Priapichthys annectens,Olomina,11-Jun,Quebrada Homiguera,Guanacaste,Costa Rica,N 10o 41.454 W 85o 05.019,2006,February,2/11/06,Museum tags in jar but not individually attached.,YES,YES,4/13/22,Erik Johnson,2,45.3,,1.985,1,1,3,16,YES,0.4314,0.0599,,Dry,,,,,,,,,,,,,,,,,,,,,,,,,,,,,,,,,,,,,,,,,,,,,,,,,,,,,,,,,,,,,,,,,,,,,,,,,,,,,,,,,,,,,,,
17,24,154913,None,Priapichthys annectens,Olomina,11-Jun,Quebrada Homiguera,Guanacaste,Costa Rica,N 10o 41.454 W 85o 05.019,2006,February,2/11/06,Museum tags in jar but not individually attached.,YES,YES,4/13/22,Erik Johnson,2,34.8,,0.7078,1,1,3,9,YES,0.1525,0.023,,Dry,,,,,,,,,,,,,,,,,,,,,,,,,,,,,,,,,,,,,,,,,,,,,,,,,,,,,,,,,,,,,,,,,,,,,,,,,,,,,,,,,,,,,,,
18,24,154914,None,Priapichthys annectens,Olomina,11-Jun,Quebrada Homiguera,Guanacaste,Costa Rica,N 10o 41.454 W 85o 05.019,2006,February,2/11/06,Museum tags in jar but not individually attached.,YES,YES,4/13/22,Erik Johnson,2,34,,0.7144,1,1,4,9,YES,0.1539,0.0199,,Dry,,,,,,,,,,,,,,,,,,,,,,,,,,,,,,,,,,,,,,,,,,,,,,,,,,,,,,,,,,,,,,,,,,,,,,,,,,,,,,,,,,,,,,,
22,24,154918,None,Priapichthys annectens,Olomina,11-Jun,Quebrada Homiguera,Guanacaste,Costa Rica,N 10o 41.454 W 85o 05.019,2006,February,2/11/06,Museum tags in jar but not individually attached.,YES,YES,4/13/22,Erik Johnson,0,26.4,,0.3784,0,0,NA,NA,YES,0.0746,NA,,Dry,,,,,,,,,,,,,,,,,,,,,,,,,,,,,,,,,,,,,,,,,,,,,,,,,,,,,,,,,,,,,,,,,,,,,,,,,,,,,,,,,,,,,,,
27,24,154923,None,Priapichthys annectens,Olomina,11-Jun,Quebrada Homiguera,Guanacaste,Costa Rica,N 10o 41.454 W 85o 05.019,2006,February,2/11/06,Museum tags in jar but not individually attached.,YES,YES,4/13/22,Erik Johnson,0,27.8,,0.4038,0,0,NA,NA,YES,0.0932,NA,,Dry,,,,,,,,,,,,,,,,,,,,,,,,,,,,,,,,,,,,,,,,,,,,,,,,,,,,,,,,,,,,,,,,,,,,,,,,,,,,,,,,,,,,,,,
30,24,154926,None,Priapichthys annectens,Olomina,11-Jun,Quebrada Homiguera,Guanacaste,Costa Rica,N 10o 41.454 W 85o 05.019,2006,February,2/11/06,Museum tags in jar but not individually attached.,YES,YES,4/13/22,Erik Johnson,0,26.8,,0.3487,0,0,NA,NA,YES,0.0758,NA,,Dry,,,,,,,,,,,,,,,,,,,,,,,,,,,,,,,,,,,,,,,,,,,,,,,,,,,,,,,,,,,,,,,,,,,,,,,,,,,,,,,,,,,,,,,
4,22,154855,None,Priapichthys annectens,Olomina,4-May,Quebrada Hormiguero,Guanacaste,Costa Rica,N 10o 41.445 W 85o 05.036,2005,January,1/27/05,Includes one small crab. Museum tags in jar but not individually attached.,YES,YES,4/13/22,Erik Johnson,2,43.7,,1.489,1,1,3,13,YES,0.3244,0.0525,,Dry,,,,,,,,,,,,,,,,,,,,,,,,,,,,,,,,,,,,,,,,,,,,,,,,,,,,,,,,,,,,,,,,,,,,,,,,,,,,,,,,,,,,,,,
5,22,154856,None,Priapichthys annectens,Olomina,4-May,Quebrada Hormiguero,Guanacaste,Costa Rica,N 10o 41.445 W 85o 05.036,2005,January,1/27/05,Includes one small crab. Museum tags in jar but not individually attached.,YES,YES,4/13/22,Erik Johnson,2,39.8,,1.3194,1,1,10,9,YES,0.2843,0.0297,,Dry,,,,,,,,,,,,,,,,,,,,,,,,,,,,,,,,,,,,,,,,,,,,,,,,,,,,,,,,,,,,,,,,,,,,,,,,,,,,,,,,,,,,,,,
6,22,154857,None,Priapichthys annectens,Olomina,4-May,Quebrada Hormiguero,Guanacaste,Costa Rica,N 10o 41.445 W 85o 05.036,2005,January,1/27/05,Includes one small crab. Museum tags in jar but not individually attached.,YES,YES,4/13/22,Erik Johnson,0,28.9,,0.4015,0,0,NA,NA,YES,0.0872,NA,,Dry,,,,,,,,,,,,,,,,,,,,,,,,,,,,,,,,,,,,,,,,,,,,,,,,,,,,,,,,,,,,,,,,,,,,,,,,,,,,,,,,,,,,,,,
7,22,154858,None,Priapichthys annectens,Olomina,4-May,Quebrada Hormiguero,Guanacaste,Costa Rica,N 10o 41.445 W 85o 05.036,2005,January,1/27/05,Includes one small crab. Museum tags in jar but not individually attached.,YES,YES,4/13/22,Erik Johnson,0,32.7,,0.5388,0,0,NA,NA,YES,0.1264,NA,,Dry,,,,,,,,,,,,,,,,,,,,,,,,,,,,,,,,,,,,,,,,,,,,,,,,,,,,,,,,,,,,,,,,,,,,,,,,,,,,,,,,,,,,,,,
8,22,154859,None,Priapichthys annectens,Olomina,4-May,Quebrada Hormiguero,Guanacaste,Costa Rica,N 10o 41.445 W 85o 05.036,2005,January,1/27/05,Includes one small crab. Museum tags in jar but not individually attached.,YES,YES,4/13/22,Erik Johnson,2,40.5,,1.2874,1,1,4,16,YES,0.2715,0.0649,,Dry,,,,,,,,,,,,,,,,,,,,,,,,,,,,,,,,,,,,,,,,,,,,,,,,,,,,,,,,,,,,,,,,,,,,,,,,,,,,,,,,,,,,,,,
9,22,154860,None,Priapichthys annectens,Olomina,4-May,Quebrada Hormiguero,Guanacaste,Costa Rica,N 10o 41.445 W 85o 05.036,2005,January,1/27/05,Includes one small crab. Museum tags in jar but not individually attached.,YES,YES,4/13/22,Erik Johnson,2,36.7,,1.0864,1,1,3,8,YES,0.2309,0.0246,,Dry,,,,,,,,,,,,,,,,,,,,,,,,,,,,,,,,,,,,,,,,,,,,,,,,,,,,,,,,,,,,,,,,,,,,,,,,,,,,,,,,,,,,,,,
10,22,154861,None,Priapichthys annectens,Olomina,4-May,Quebrada Hormiguero,Guanacaste,Costa Rica,N 10o 41.445 W 85o 05.036,2005,January,1/27/05,Includes one small crab. Museum tags in jar but not individually attached.,YES,YES,4/13/22,Erik Johnson,0,32.2,,0.5945,0,0,NA,NA,YES,0.1334,NA,,Dry,,,,,,,,,,,,,,,,,,,,,,,,,,,,,,,,,,,,,,,,,,,,,,,,,,,,,,,,,,,,,,,,,,,,,,,,,,,,,,,,,,,,,,,
11,22,154862,None,Priapichthys annectens,Olomina,4-May,Quebrada Hormiguero,Guanacaste,Costa Rica,N 10o 41.445 W 85o 05.036,2005,January,1/27/05,Includes one small crab. Museum tags in jar but not individually attached.,YES,YES,4/13/22,Erik Johnson,2,41.7,,1.706,1,1,11,13,YES,0.3511,0.0383,,Dry,,,,,,,,,,,,,,,,,,,,,,,,,,,,,,,,,,,,,,,,,,,,,,,,,,,,,,,,,,,,,,,,,,,,,,,,,,,,,,,,,,,,,,,
12,22,154863,None,Priapichthys annectens,Olomina,4-May,Quebrada Hormiguero,Guanacaste,Costa Rica,N 10o 41.445 W 85o 05.036,2005,January,1/27/05,Includes one small crab. Museum tags in jar but not individually attached.,YES,YES,4/13/22,Erik Johnson,2,49.4,,2.2447,1,1,6,19,YES,0.4869,0.0948,,Dry,,,,,,,,,,,,,,,,,,,,,,,,,,,,,,,,,,,,,,,,,,,,,,,,,,,,,,,,,,,,,,,,,,,,,,,,,,,,,,,,,,,,,,,
13,22,154864,None,Priapichthys annectens,Olomina,4-May,Quebrada Hormiguero,Guanacaste,Costa Rica,N 10o 41.445 W 85o 05.036,2005,January,1/27/05,Includes one small crab. Museum tags in jar but not individually attached.,YES,YES,4/13/22,Erik Johnson,2,44.8,,2.025,1,1,1,,YES,0.42,0.0572,,Dry,,,,,,,,,,,,,,,,,,,,,,,,,,,,,,,,,,,,,,,,,,,,,,,,,,,,,,,,,,,,,,,,,,,,,,,,,,,,,,,,,,,,,,,
1,17,154308,None,Priapichthys annectens,Olomina,1-Jun,Rio La Balsa,Alejuela,Costa Rica,N 10o 10.324 W 84o 29.881,2006,February,2/9/06,Museum tags in jar but not individually attached.,YES,YES,4/15/22,Erik Johnson,0,46.1,,1.627,0,0,NA,NA,YES,0.3669,NA,,Dry,,,,,,,,,,,,,,,,,,,,,,,,,,,,,,,,,,,,,,,,,,,,,,,,,,,,,,,,,,,,,,,,,,,,,,,,,,,,,,,,,,,,,,,
4,17,154311,None,Priapichthys annectens,Olomina,1-Jun,Rio La Balsa,Alejuela,Costa Rica,N 10o 10.324 W 84o 29.881,2006,February,2/9/06,Museum tags in jar but not individually attached.,YES,YES,4/15/22,Erik Johnson,2,52.2,,2.9,1,1,4,13,YES,0.624,0.0692,,Dry,,,,,,,,,,,,,,,,,,,,,,,,,,,,,,,,,,,,,,,,,,,,,,,,,,,,,,,,,,,,,,,,,,,,,,,,,,,,,,,,,,,,,,,
7,17,154314,None,Priapichthys annectens,Olomina,1-Jun,Rio La Balsa,Alejuela,Costa Rica,N 10o 10.324 W 84o 29.881,2006,February,2/9/06,Museum tags in jar but not individually attached.,YES,YES,4/15/22,Erik Johnson,2,48,,1.8337,1,1,4,5,YES,0.397,0.0238,,Dry,,,,,,,,,,,,,,,,,,,,,,,,,,,,,,,,,,,,,,,,,,,,,,,,,,,,,,,,,,,,,,,,,,,,,,,,,,,,,,,,,,,,,,,
11,17,154318,None,Priapichthys annectens,Olomina,1-Jun,Rio La Balsa,Alejuela,Costa Rica,N 10o 10.324 W 84o 29.881,2006,February,2/9/06,Museum tags in jar but not individually attached.,YES,YES,4/15/22,Erik Johnson,2,40.8,,1.3881,1,1,1,,YES,0.2844,0.012,,Dry,,,,,,,,,,,,,,,,,,,,,,,,,,,,,,,,,,,,,,,,,,,,,,,,,,,,,,,,,,,,,,,,,,,,,,,,,,,,,,,,,,,,,,,
14,17,154321,None,Priapichthys annectens,Olomina,1-Jun,Rio La Balsa,Alejuela,Costa Rica,N 10o 10.324 W 84o 29.881,2006,February,2/9/06,Museum tags in jar but not individually attached.,YES,YES,4/15/22,Erik Johnson,2,49,,2.3268,1,1,11,5,YES,"5,045",0.0199,,Dry,,,,,,,,,,,,,,,,,,,,,,,,,,,,,,,,,,,,,,,,,,,,,,,,,,,,,,,,,,,,,,,,,,,,,,,,,,,,,,,,,,,,,,,
18,17,154325,None,Priapichthys annectens,Olomina,1-Jun,Rio La Balsa,Alejuela,Costa Rica,N 10o 10.324 W 84o 29.881,2006,February,2/9/06,Museum tags in jar but not individually attached.,YES,YES,4/15/22,Erik Johnson,2,44.2,,1.5275,1,1,5,7,YES,0.3207,0.0266,,Dry,,,,,,,,,,,,,,,,,,,,,,,,,,,,,,,,,,,,,,,,,,,,,,,,,,,,,,,,,,,,,,,,,,,,,,,,,,,,,,,,,,,,,,,
20,17,154327,None,Priapichthys annectens,Olomina,1-Jun,Rio La Balsa,Alejuela,Costa Rica,N 10o 10.324 W 84o 29.881,2006,February,2/9/06,Museum tags in jar but not individually attached.,YES,YES,4/15/22,Erik Johnson,2,43.6,,1.341,1,1,10,3,YES,0.2873,0.0111,,Dry,,,,,,,,,,,,,,,,,,,,,,,,,,,,,,,,,,,,,,,,,,,,,,,,,,,,,,,,,,,,,,,,,,,,,,,,,,,,,,,,,,,,,,,
25,17,154332,None,Priapichthys annectens,Olomina,1-Jun,Rio La Balsa,Alejuela,Costa Rica,N 10o 10.324 W 84o 29.881,2006,February,2/9/06,Museum tags in jar but not individually attached.,YES,YES,4/15/22,Erik Johnson,2,38.5,,0.9417,1,1,1,,YES,0.2043,0.0058,,Dry,,,,,,,,,,,,,,,,,,,,,,,,,,,,,,,,,,,,,,,,,,,,,,,,,,,,,,,,,,,,,,,,,,,,,,,,,,,,,,,,,,,,,,,
26,17,154333,None,Priapichthys annectens,Olomina,1-Jun,Rio La Balsa,Alejuela,Costa Rica,N 10o 10.324 W 84o 29.881,2006,February,2/9/06,Museum tags in jar but not individually attached.,YES,YES,4/15/22,Erik Johnson,2,33,,0.6097,1,1,7,4,YES,0.125,0.0146,,Dry,,,,,,,,,,,,,,,,,,,,,,,,,,,,,,,,,,,,,,,,,,,,,,,,,,,,,,,,,,,,,,,,,,,,,,,,,,,,,,,,,,,,,,,
30,17,154337,None,Priapichthys annectens,Olomina,1-Jun,Rio La Balsa,Alejuela,Costa Rica,N 10o 10.324 W 84o 29.881,2006,February,2/9/06,Museum tags in jar but not individually attached.,YES,YES,4/15/22,Erik Johnson,2,33.7,,0.747,1,1,10,5,YES,0.1542,0.0133,,Dry,,,,,,,,,,,,,,,,,,,,,,,,,,,,,,,,,,,,,,,,,,,,,,,,,,,,,,,,,,,,,,,,,,,,,,,,,,,,,,,,,,,,,,,
32,17,154339,None,Priapichthys annectens,Olomina,1-Jun,Rio La Balsa,Alejuela,Costa Rica,N 10o 10.324 W 84o 29.881,2006,February,2/9/06,Museum tags in jar but not individually attached.,YES,YES,4/15/22,Erik Johnson,2,47.5,,2.0477,1,1,1,,YES,0.4199,0.0026,,Dry,,,,,,,,,,,,,,,,,,,,,,,,,,,,,,,,,,,,,,,,,,,,,,,,,,,,,,,,,,,,,,,,,,,,,,,,,,,,,,,,,,,,,,,
36,17,154343,None,Priapichthys annectens,Olomina,1-Jun,Rio La Balsa,Alejuela,Costa Rica,N 10o 10.324 W 84o 29.881,2006,February,2/9/06,Museum tags in jar but not individually attached.,YES,YES,4/15/22,Erik Johnson,0,30.9,,0.4511,0,0,NA,NA,YES,0.1042,NA,,Dry,,,,,,,,,,,,,,,,,,,,,,,,,,,,,,,,,,,,,,,,,,,,,,,,,,,,,,,,,,,,,,,,,,,,,,,,,,,,,,,,,,,,,,,
37,17,154344,None,Priapichthys annectens,Olomina,1-Jun,Rio La Balsa,Alejuela,Costa Rica,N 10o 10.324 W 84o 29.881,2006,February,2/9/06,Museum tags in jar but not individually attached.,YES,YES,4/15/22,Erik Johnson,0,29.3,,0.4046,0,0,NA,NA,YES,0.0889,NA,,Dry,,,,,,,,,,,,,,,,,,,,,,,,,,,,,,,,,,,,,,,,,,,,,,,,,,,,,,,,,,,,,,,,,,,,,,,,,,,,,,,,,,,,,,,
38,17,154345,None,Priapichthys annectens,Olomina,1-Jun,Rio La Balsa,Alejuela,Costa Rica,N 10o 10.324 W 84o 29.881,2006,February,2/9/06,Museum tags in jar but not individually attached.,YES,YES,4/15/22,Erik Johnson,0,28.9,,0.402,0,0,NA,NA,YES,0.089,NA,,Dry,,,,,,,,,,,,,,,,,,,,,,,,,,,,,,,,,,,,,,,,,,,,,,,,,,,,,,,,,,,,,,,,,,,,,,,,,,,,,,,,,,,,,,,
47,17,154354,None,Priapichthys annectens,Olomina,1-Jun,Rio La Balsa,Alejuela,Costa Rica,N 10o 10.324 W 84o 29.881,2006,February,2/9/06,Museum tags in jar but not individually attached.,YES,YES,4/15/22,Erik Johnson,0,38.9,,0.9835,0,0,NA,NA,YES,0.2392,NA,,Dry,,,,,,,,,,,,,,,,,,,,,,,,,,,,,,,,,,,,,,,,,,,,,,,,,,,,,,,,,,,,,,,,,,,,,,,,,,,,,,,,,,,,,,,
48,17,154355,None,Priapichthys annectens,Olomina,1-Jun,Rio La Balsa,Alejuela,Costa Rica,N 10o 10.324 W 84o 29.881,2006,February,2/9/06,Museum tags in jar but not individually attached.,YES,YES,4/15/22,Erik Johnson,0,30.9,,0.5447,0,0,NA,NA,YES,0.1257,NA,,Dry,,,,,,,,,,,,,,,,,,,,,,,,,,,,,,,,,,,,,,,,,,,,,,,,,,,,,,,,,,,,,,,,,,,,,,,,,,,,,,,,,,,,,,,
49,17,154356,None,Priapichthys annectens,Olomina,1-Jun,Rio La Balsa,Alejuela,Costa Rica,N 10o 10.324 W 84o 29.881,2006,February,2/9/06,Museum tags in jar but not individually attached.,YES,YES,4/15/22,Erik Johnson,2,40.7,,0.9522,1,1,3,2,YES,0.2236,0.0092,,Dry,,,,,,,,,,,,,,,,,,,,,,,,,,,,,,,,,,,,,,,,,,,,,,,,,,,,,,,,,,,,,,,,,,,,,,,,,,,,,,,,,,,,,,,
56,17,154363,None,Priapichthys annectens,Olomina,1-Jun,Rio La Balsa,Alejuela,Costa Rica,N 10o 10.324 W 84o 29.881,2006,February,2/9/06,Museum tags in jar but not individually attached.,YES,YES,4/15/22,Erik Johnson,2,32.4,,0.4929,1,1,3,3,YES,0.1083,0.0096,,Dry,,,,,,,,,,,,,,,,,,,,,,,,,,,,,,,,,,,,,,,,,,,,,,,,,,,,,,,,,,,,,,,,,,,,,,,,,,,,,,,,,,,,,,,
62,17,154369,None,Priapichthys annectens,Olomina,1-Jun,Rio La Balsa,Alejuela,Costa Rica,N 10o 10.324 W 84o 29.881,2006,February,2/9/06,Museum tags in jar but not individually attached.,YES,YES,4/15/22,Erik Johnson,2,45,,1.2507,1,1,5,4,YES,0.3055,0.0196,,Dry,,,,,,,,,,,,,,,,,,,,,,,,,,,,,,,,,,,,,,,,,,,,,,,,,,,,,,,,,,,,,,,,,,,,,,,,,,,,,,,,,,,,,,,
66,17,154373,None,Priapichthys annectens,Olomina,1-Jun,Rio La Balsa,Alejuela,Costa Rica,N 10o 10.324 W 84o 29.881,2006,February,2/9/06,Museum tags in jar but not individually attached.,YES,YES,4/15/22,Erik Johnson,2,41.7,,1.226,1,1,8,5,YES,0.2776,0.0222,,Dry,,,,,,,,,,,,,,,,,,,,,,,,,,,,,,,,,,,,,,,,,,,,,,,,,,,,,,,,,,,,,,,,,,,,,,,,,,,,,,,,,,,,,,,
68,17,154375,None,Priapichthys annectens,Olomina,1-Jun,Rio La Balsa,Alejuela,Costa Rica,N 10o 10.324 W 84o 29.881,2006,February,2/9/06,Museum tags in jar but not individually attached.,YES,YES,4/15/22,Erik Johnson,0,46.3,,1.7116,0,0,NA,NA,YES,0.3775,NA,,Dry,,,,,,,,,,,,,,,,,,,,,,,,,,,,,,,,,,,,,,,,,,,,,,,,,,,,,,,,,,,,,,,,,,,,,,,,,,,,,,,,,,,,,,,
69,17,154376,None,Priapichthys annectens,Olomina,1-Jun,Rio La Balsa,Alejuela,Costa Rica,N 10o 10.324 W 84o 29.881,2006,February,2/9/06,Museum tags in jar but not individually attached.,YES,YES,4/15/22,Erik Johnson,2,36.2,,0.7133,1,1,8,1,YES,0.1739,0.004,,Dry,,,,,,,,,,,,,,,,,,,,,,,,,,,,,,,,,,,,,,,,,,,,,,,,,,,,,,,,,,,,,,,,,,,,,,,,,,,,,,,,,,,,,,,
70,17,154377,None,Priapichthys annectens,Olomina,1-Jun,Rio La Balsa,Alejuela,Costa Rica,N 10o 10.324 W 84o 29.881,2006,February,2/9/06,Museum tags in jar but not individually attached.,YES,YES,4/15/22,Erik Johnson,2,34.1,,0.6582,1,1,4,2,YES,0.1409,0.0102,,Dry,,,,,,,,,,,,,,,,,,,,,,,,,,,,,,,,,,,,,,,,,,,,,,,,,,,,,,,,,,,,,,,,,,,,,,,,,,,,,,,,,,,,,,,
71,17,154378,None,Priapichthys annectens,Olomina,1-Jun,Rio La Balsa,Alejuela,Costa Rica,N 10o 10.324 W 84o 29.881,2006,February,2/9/06,Museum tags in jar but not individually attached.,YES,YES,4/15/22,Erik Johnson,2,49,,2.2237,1,1,10,6,YES,0.4568,0.027,,Dry,,,,,,,,,,,,,,,,,,,,,,,,,,,,,,,,,,,,,,,,,,,,,,,,,,,,,,,,,,,,,,,,,,,,,,,,,,,,,,,,,,,,,,,
72,17,154379,None,Priapichthys annectens,Olomina,1-Jun,Rio La Balsa,Alejuela,Costa Rica,N 10o 10.324 W 84o 29.881,2006,February,2/9/06,Museum tags in jar but not individually attached.,YES,YES,4/15/22,Erik Johnson,0,49.4,,2.0455,0,0,NA,NA,YES,0.4269,NA,,Dry,,,,,,,,,,,,,,,,,,,,,,,,,,,,,,,,,,,,,,,,,,,,,,,,,,,,,,,,,,,,,,,,,,,,,,,,,,,,,,,,,,,,,,,
73,17,154380,None,Priapichthys annectens,Olomina,1-Jun,Rio La Balsa,Alejuela,Costa Rica,N 10o 10.324 W 84o 29.881,2006,February,2/9/06,Museum tags in jar but not individually attached.,YES,YES,4/15/22,Erik Johnson,0,35.7,,0.674,0,0,NA,NA,YES,0.144,NA,,Dry,,,,,,,,,,,,,,,,,,,,,,,,,,,,,,,,,,,,,,,,,,,,,,,,,,,,,,,,,,,,,,,,,,,,,,,,,,,,,,,,,,,,,,,
74,17,154381,None,Priapichthys annectens,Olomina,1-Jun,Rio La Balsa,Alejuela,Costa Rica,N 10o 10.324 W 84o 29.881,2006,February,2/9/06,Museum tags in jar but not individually attached.,YES,YES,4/15/22,Erik Johnson,2,46.1,,1.6747,1,1,10,2,YES,0.373,0.0066,,Dry,,,,,,,,,,,,,,,,,,,,,,,,,,,,,,,,,,,,,,,,,,,,,,,,,,,,,,,,,,,,,,,,,,,,,,,,,,,,,,,,,,,,,,,
75,17,154382,None,Priapichthys annectens,Olomina,1-Jun,Rio La Balsa,Alejuela,Costa Rica,N 10o 10.324 W 84o 29.881,2006,February,2/9/06,Museum tags in jar but not individually attached.,YES,YES,4/15/22,Erik Johnson,2,37.7,,0.8811,1,1,4,5,YES,0.206,0.0195,,Dry,,,,,,,,,,,,,,,,,,,,,,,,,,,,,,,,,,,,,,,,,,,,,,,,,,,,,,,,,,,,,,,,,,,,,,,,,,,,,,,,,,,,,,,
76,17,154383,None,Priapichthys annectens,Olomina,1-Jun,Rio La Balsa,Alejuela,Costa Rica,N 10o 10.324 W 84o 29.881,2006,February,2/9/06,Museum tags in jar but not individually attached.,YES,YES,4/15/22,Erik Johnson,2,40.3,,1.0108,1,1,11,3,YES,0.2026,0.0076,,Dry,,,,,,,,,,,,,,,,,,,,,,,,,,,,,,,,,,,,,,,,,,,,,,,,,,,,,,,,,,,,,,,,,,,,,,,,,,,,,,,,,,,,,,,
77,17,154384,None,Priapichthys annectens,Olomina,1-Jun,Rio La Balsa,Alejuela,Costa Rica,N 10o 10.324 W 84o 29.881,2006,February,2/9/06,Museum tags in jar but not individually attached.,YES,YES,4/15/22,Erik Johnson,2,40.9,,1.4415,1,1,3,2,YES,0.2937,0.01,,Dry,,,,,,,,,,,,,,,,,,,,,,,,,,,,,,,,,,,,,,,,,,,,,,,,,,,,,,,,,,,,,,,,,,,,,,,,,,,,,,,,,,,,,,,
78,17,154385,None,Priapichthys annectens,Olomina,1-Jun,Rio La Balsa,Alejuela,Costa Rica,N 10o 10.324 W 84o 29.881,2006,February,2/9/06,Museum tags in jar but not individually attached.,YES,YES,4/15/22,Erik Johnson,2,34.9,,0.6555,1,1,3,3,YES,0.144,0.0094,,Dry,,,,,,,,,,,,,,,,,,,,,,,,,,,,,,,,,,,,,,,,,,,,,,,,,,,,,,,,,,,,,,,,,,,,,,,,,,,,,,,,,,,,,,,
12,18,154520,None,Priapichthys annectens,Olomina,29-Jun,Rio Esquivalto,Guanacaste,Costa Rica,N 10o 41.231 W 85o 04.002,2006,May,5/6/06,Museum tags in jar but not individually attached.,YES,YES,4/20/22,Erik Johnaon,2,40.8,,1.3395,1,1,10,3,YES,0.3019,0.0099,,Wet,,,,,,,,,,,,,,,,,,,,,,,,,,,,,,,,,,,,,,,,,,,,,,,,,,,,,,,,,,,,,,,,,,,,,,,,,,,,,,,,,,,,,,,
13,18,154521,None,Priapichthys annectens,Olomina,29-Jun,Rio Esquivalto,Guanacaste,Costa Rica,N 10o 41.231 W 85o 04.002,2006,May,5/6/06,Museum tags in jar but not individually attached.,YES,YES,4/20/22,Erik Johnaon,0,49.3,,2.2516,0,0,NA,NA,YES,0.4888,NA,,Wet,,,,,,,,,,,,,,,,,,,,,,,,,,,,,,,,,,,,,,,,,,,,,,,,,,,,,,,,,,,,,,,,,,,,,,,,,,,,,,,,,,,,,,,
23,18,154531,None,Priapichthys annectens,Olomina,29-Jun,Rio Esquivalto,Guanacaste,Costa Rica,N 10o 41.231 W 85o 04.002,2006,May,5/6/06,Museum tags in jar but not individually attached.,YES,YES,4/19/22,Erik Johnson,2,41.2,,1.2913,1,1,9,7,YES,0.2795,0.0187,,Wet,,,,,,,,,,,,,,,,,,,,,,,,,,,,,,,,,,,,,,,,,,,,,,,,,,,,,,,,,,,,,,,,,,,,,,,,,,,,,,,,,,,,,,,
48,18,154556,None,Priapichthys annectens,Olomina,29-Jun,Rio Esquivalto,Guanacaste,Costa Rica,N 10o 41.231 W 85o 04.002,2006,May,5/6/06,Museum tags in jar but not individually attached.,YES,YES,19-Apr,Erik Johnson,2,46.5,,1.7746,1,1,3,6,YES,0.4414,0.0338,,Wet,,,,,,,,,,,,,,,,,,,,,,,,,,,,,,,,,,,,,,,,,,,,,,,,,,,,,,,,,,,,,,,,,,,,,,,,,,,,,,,,,,,,,,,
50,18,154558,None,Priapichthys annectens,Olomina,29-Jun,Rio Esquivalto,Guanacaste,Costa Rica,N 10o 41.231 W 85o 04.002,2006,May,5/6/06,Museum tags in jar but not individually attached.,YES,YES,4/19/22,Erik Johnson,2,39.1,,1.2735,1,1,6,5,YES,0.2951,0.0233,,Wet,,,,,,,,,,,,,,,,,,,,,,,,,,,,,,,,,,,,,,,,,,,,,,,,,,,,,,,,,,,,,,,,,,,,,,,,,,,,,,,,,,,,,,,
52,18,154560,None,Priapichthys annectens,Olomina,29-Jun,Rio Esquivalto,Guanacaste,Costa Rica,N 10o 41.231 W 85o 04.002,2006,May,5/6/06,Museum tags in jar but not individually attached.,YES,YES,4/19/22,Erik Johnson,2,37.7,,1.0279,1,1,6,6,YES,0.2398,0.02,,Wet,,,,,,,,,,,,,,,,,,,,,,,,,,,,,,,,,,,,,,,,,,,,,,,,,,,,,,,,,,,,,,,,,,,,,,,,,,,,,,,,,,,,,,,
54,18,154562,None,Priapichthys annectens,Olomina,29-Jun,Rio Esquivalto,Guanacaste,Costa Rica,N 10o 41.231 W 85o 04.002,2006,May,5/6/06,Museum tags in jar but not individually attached.,YES,YES,4/19/22,Erik Johnson,2,33,,0.6447,1,1,10,2,YES,0.1433,0.0075,,Wet,,,,,,,,,,,,,,,,,,,,,,,,,,,,,,,,,,,,,,,,,,,,,,,,,,,,,,,,,,,,,,,,,,,,,,,,,,,,,,,,,,,,,,,
56,18,154564,None,Priapichthys annectens,Olomina,29-Jun,Rio Esquivalto,Guanacaste,Costa Rica,N 10o 41.231 W 85o 04.002,2006,May,5/6/06,Museum tags in jar but not individually attached.,YES,YES,19-Apr,Erik Johnson,2,42.3,,1.4193,1,1,4,7,YES,0.3213,0.0343,,Wet,,,,,,,,,,,,,,,,,,,,,,,,,,,,,,,,,,,,,,,,,,,,,,,,,,,,,,,,,,,,,,,,,,,,,,,,,,,,,,,,,,,,,,,
60,18,154568,None,Priapichthys annectens,Olomina,29-Jun,Rio Esquivalto,Guanacaste,Costa Rica,N 10o 41.231 W 85o 04.002,2006,May,5/6/06,Museum tags in jar but not individually attached.,YES,YES,4/19/22,Erik Johnson,0,33.3,,0.6827,0,0,NA,NA,YES,0.1626,NA,,Wet,,,,,,,,,,,,,,,,,,,,,,,,,,,,,,,,,,,,,,,,,,,,,,,,,,,,,,,,,,,,,,,,,,,,,,,,,,,,,,,,,,,,,,,
18,18,154526,None,Priapichthys annectens,Olomina,29-Jun,Rio Esquivalto,Guanacaste,Costa Rica,N 10o 41.231 W 85o 04.002,2006,May,5/6/06,Museum tags in jar but not individually attached.,YES,YES,4/20/22,Erik Johnson,2,41.4,,1.4508,1,1,6,7,YES,0.3458,0.0343,,Wet,,,,,,,,,,,,,,,,,,,,,,,,,,,,,,,,,,,,,,,,,,,,,,,,,,,,,,,,,,,,,,,,,,,,,,,,,,,,,,,,,,,,,,,
51,18,154559,None,Priapichthys annectens,Olomina,29-Jun,Rio Esquivalto,Guanacaste,Costa Rica,N 10o 41.231 W 85o 04.002,2006,May,5/6/06,Museum tags in jar but not individually attached.,YES,YES,4/20/22,Erik Johnson,2,43.1,,1.644,1,1,11,7,YES,0.337,0.0249,,Wet,,,,,,,,,,,,,,,,,,,,,,,,,,,,,,,,,,,,,,,,,,,,,,,,,,,,,,,,,,,,,,,,,,,,,,,,,,,,,,,,,,,,,,,
59,18,154567,None,Priapichthys annectens,Olomina,29-Jun,Rio Esquivalto,Guanacaste,Costa Rica,N 10o 41.231 W 85o 04.002,2006,May,5/6/06,Museum tags in jar but not individually attached.,YES,YES,4/20/22,Erik Johnson,0,34.9,,0.6667,0,0,NA,NA,YES,0.1526,NA,,Wet,,,,,,,,,,,,,,,,,,,,,,,,,,,,,,,,,,,,,,,,,,,,,,,,,,,,,,,,,,,,,,,,,,,,,,,,,,,,,,,,,,,,,,,
7,25,155224,None,Priapichthys annectens,Olomina,9-Jun,Rio Corocin,Guanacaste,Costa Rica,N 10o 34.919 W 85o 01.171,2006,February,2/11/06,Museum tags in jar but not individually attached.,YES,YES,4/26/22,Erik Johnson,2,41.6,,1.2167,1,1,6,4,YES,0.2624,0.0191,,Dry,,,,,,,,,,,,,,,,,,,,,,,,,,,,,,,,,,,,,,,,,,,,,,,,,,,,,,,,,,,,,,,,,,,,,,,,,,,,,,,,,,,,,,,
8,25,155225,None,Priapichthys annectens,Olomina,9-Jun,Rio Corocin,Guanacaste,Costa Rica,N 10o 34.919 W 85o 01.171,2006,February,2/11/06,Museum tags in jar but not individually attached.,YES,YES,4/26/22,Erik Johnson,0,32.5,,0.5952,0,0,NA,NA,YES,0.1271,NA,,Dry,,,,,,,,,,,,,,,,,,,,,,,,,,,,,,,,,,,,,,,,,,,,,,,,,,,,,,,,,,,,,,,,,,,,,,,,,,,,,,,,,,,,,,,
9,25,155226,None,Priapichthys annectens,Olomina,9-Jun,Rio Corocin,Guanacaste,Costa Rica,N 10o 34.919 W 85o 01.171,2006,February,2/11/06,Museum tags in jar but not individually attached.,YES,YES,4/26/22,Erik Johnson,2,44.1,,1.4076,1,1,3,13,YES,0.3148,0.0246,,Dry,,,,,,,,,,,,,,,,,,,,,,,,,,,,,,,,,,,,,,,,,,,,,,,,,,,,,,,,,,,,,,,,,,,,,,,,,,,,,,,,,,,,,,,
11,25,155228,None,Priapichthys annectens,Olomina,9-Jun,Rio Corocin,Guanacaste,Costa Rica,N 10o 34.919 W 85o 01.171,2006,February,2/11/06,Museum tags in jar but not individually attached.,YES,YES,4/26/22,Erik Johnson,0,35,,0.683,0,0,NA,NA,YES,0.1555,NA,,Dry,,,,,,,,,,,,,,,,,,,,,,,,,,,,,,,,,,,,,,,,,,,,,,,,,,,,,,,,,,,,,,,,,,,,,,,,,,,,,,,,,,,,,,,
12,25,155229,None,Priapichthys annectens,Olomina,9-Jun,Rio Corocin,Guanacaste,Costa Rica,N 10o 34.919 W 85o 01.171,2006,February,2/11/06,Museum tags in jar but not individually attached.,YES,YES,4/26/22,Erik Johnson,2,48.1,,2.153,1,1,3,13,YES,0.4597,0.0534,,Dry,,,,,,,,,,,,,,,,,,,,,,,,,,,,,,,,,,,,,,,,,,,,,,,,,,,,,,,,,,,,,,,,,,,,,,,,,,,,,,,,,,,,,,,
16,25,155233,None,Priapichthys annectens,Olomina,9-Jun,Rio Corocin,Guanacaste,Costa Rica,N 10o 34.919 W 85o 01.171,2006,February,2/11/06,Museum tags in jar but not individually attached.,YES,YES,26-Apr,Erik Johnson,2,47.8,,2.1227,1,1,8,14,YES,0.4304,0.0499,,Dry,,,,,,,,,,,,,,,,,,,,,,,,,,,,,,,,,,,,,,,,,,,,,,,,,,,,,,,,,,,,,,,,,,,,,,,,,,,,,,,,,,,,,,,
18,25,155235,None,Priapichthys annectens,Olomina,9-Jun,Rio Corocin,Guanacaste,Costa Rica,N 10o 34.919 W 85o 01.171,2006,February,2/11/06,Museum tags in jar but not individually attached.,YES,YES,4/26/22,Erik Johnson,2,41,,1.159,1,1,3,7,YES,0.2455,0.023,,Dry,,,,,,,,,,,,,,,,,,,,,,,,,,,,,,,,,,,,,,,,,,,,,,,,,,,,,,,,,,,,,,,,,,,,,,,,,,,,,,,,,,,,,,,
21,25,155238,None,Priapichthys annectens,Olomina,9-Jun,Rio Corocin,Guanacaste,Costa Rica,N 10o 34.919 W 85o 01.171,2006,February,2/11/06,Museum tags in jar but not individually attached.,YES,YES,4/26/22,Erik Johnson,2,34.4,,0.7252,1,1,3,9,YES,0.1434,0.0198,,Dry,,,,,,,,,,,,,,,,,,,,,,,,,,,,,,,,,,,,,,,,,,,,,,,,,,,,,,,,,,,,,,,,,,,,,,,,,,,,,,,,,,,,,,,
25,25,155242,None,Priapichthys annectens,Olomina,9-Jun,Rio Corocin,Guanacaste,Costa Rica,N 10o 34.919 W 85o 01.171,2006,February,2/11/06,Museum tags in jar but not individually attached.,YES,YES,4/26/22,Erik Johnson,2,33.1,,0.6667,1,1,1,,YES,0.1349,0.0298,,Dry,,,,,,,,,,,,,,,,,,,,,,,,,,,,,,,,,,,,,,,,,,,,,,,,,,,,,,,,,,,,,,,,,,,,,,,,,,,,,,,,,,,,,,,
26,25,155243,None,Priapichthys annectens,Olomina,9-Jun,Rio Corocin,Guanacaste,Costa Rica,N 10o 34.919 W 85o 01.171,2006,February,2/11/06,Museum tags in jar but not individually attached.,YES,YES,4/26/22,Erik Johnson,2,43.1,,1.4148,1,1,5,11,YES,0.28,0.0459,,Dry,,,,,,,,,,,,,,,,,,,,,,,,,,,,,,,,,,,,,,,,,,,,,,,,,,,,,,,,,,,,,,,,,,,,,,,,,,,,,,,,,,,,,,,
27,25,155244,None,Priapichthys annectens,Olomina,9-Jun,Rio Corocin,Guanacaste,Costa Rica,N 10o 34.919 W 85o 01.171,2006,February,2/11/06,Museum tags in jar but not individually attached.,YES,YES,4/26/22,Erik Johnson,0,33.5,,0.6607,0,0,NA,NA,YES,0.1433,NA,,Dry,,,,,,,,,,,,,,,,,,,,,,,,,,,,,,,,,,,,,,,,,,,,,,,,,,,,,,,,,,,,,,,,,,,,,,,,,,,,,,,,,,,,,,,
28,25,155245,None,Priapichthys annectens,Olomina,9-Jun,Rio Corocin,Guanacaste,Costa Rica,N 10o 34.919 W 85o 01.171,2006,February,2/11/06,Museum tags in jar but not individually attached.,YES,YES,4/26/22,Erik Johnson,2,53.9,,3.2077,1,1,1,,YES,0.6535,0.0149,,Dry,,,,,,,,,,,,,,,,,,,,,,,,,,,,,,,,,,,,,,,,,,,,,,,,,,,,,,,,,,,,,,,,,,,,,,,,,,,,,,,,,,,,,,,
30,25,155247,None,Priapichthys annectens,Olomina,9-Jun,Rio Corocin,Guanacaste,Costa Rica,N 10o 34.919 W 85o 01.171,2006,February,2/11/06,Museum tags in jar but not individually attached.,YES,YES,4/26/22,Erik Johnson,2,40.6,,1.0944,1,1,8,5,YES,0.2454,0.0136,,Dry,,,,,,,,,,,,,,,,,,,,,,,,,,,,,,,,,,,,,,,,,,,,,,,,,,,,,,,,,,,,,,,,,,,,,,,,,,,,,,,,,,,,,,,
38,25,155257,None,Priapichthys annectens,Olomina,9-Jun,Rio Corocin,Guanacaste,Costa Rica,N 10o 34.919 W 85o 01.171,2006,February,2/11/06,Museum tags in jar but not individually attached.,YES,YES,4/26/22,Erik Johnson,2,57.9,,4.0622,1,1,9,29,YES,0.7716,0.0912,,Dry,,,,,,,,,,,,,,,,,,,,,,,,,,,,,,,,,,,,,,,,,,,,,,,,,,,,,,,,,,,,,,,,,,,,,,,,,,,,,,,,,,,,,,,
39,25,155258,None,Priapichthys annectens,Olomina,9-Jun,Rio Corocin,Guanacaste,Costa Rica,N 10o 34.919 W 85o 01.171,2006,February,2/11/06,Museum tags in jar but not individually attached.,YES,YES,4/26/22,Erik Johnson,2,52.8,,2.6,1,1,4,22,YES,0.558,0.0959,,Dry,,,,,,,,,,,,,,,,,,,,,,,,,,,,,,,,,,,,,,,,,,,,,,,,,,,,,,,,,,,,,,,,,,,,,,,,,,,,,,,,,,,,,,,
40,25,155259,None,Priapichthys annectens,Olomina,9-Jun,Rio Corocin,Guanacaste,Costa Rica,N 10o 34.919 W 85o 01.171,2006,February,2/11/06,Museum tags in jar but not individually attached.,YES,YES,4/26/22,Erik Johnson,2,48.9,,2.1475,1,1,10,12,YES,0.4199,0.0394,,Dry,,,,,,,,,,,,,,,,,,,,,,,,,,,,,,,,,,,,,,,,,,,,,,,,,,,,,,,,,,,,,,,,,,,,,,,,,,,,,,,,,,,,,,,
41,25,155260,None,Priapichthys annectens,Olomina,9-Jun,Rio Corocin,Guanacaste,Costa Rica,N 10o 34.919 W 85o 01.171,2006,February,2/11/06,Museum tags in jar but not individually attached.,YES,YES,4/26/22,Erik Johnson,0,29.2,,0.3778,0,0,NA,NA,YES,0.0865,NA,,Dry,,,,,,,,,,,,,,,,,,,,,,,,,,,,,,,,,,,,,,,,,,,,,,,,,,,,,,,,,,,,,,,,,,,,,,,,,,,,,,,,,,,,,,,
44,25,155263,None,Priapichthys annectens,Olomina,9-Jun,Rio Corocin,Guanacaste,Costa Rica,N 10o 34.919 W 85o 01.171,2006,February,2/11/06,Museum tags in jar but not individually attached.,YES,YES,4/26/22,Erik Johnson,2,48.5,,2.0007,1,1,4,8,YES,0.4163,0.0398,,Dry,,,,,,,,,,,,,,,,,,,,,,,,,,,,,,,,,,,,,,,,,,,,,,,,,,,,,,,,,,,,,,,,,,,,,,,,,,,,,,,,,,,,,,,
47,25,155266,None,Priapichthys annectens,Olomina,9-Jun,Rio Corocin,Guanacaste,Costa Rica,N 10o 34.919 W 85o 01.171,2006,February,2/11/06,Museum tags in jar but not individually attached.,YES,YES,4/26/22,Erik Johnson,2,38.1,,0.9164,1,1,3,8,YES,0.206,0.0223,,Dry,,,,,,,,,,,,,,,,,,,,,,,,,,,,,,,,,,,,,,,,,,,,,,,,,,,,,,,,,,,,,,,,,,,,,,,,,,,,,,,,,,,,,,,
48,25,155267,None,Priapichthys annectens,Olomina,9-Jun,Rio Corocin,Guanacaste,Costa Rica,N 10o 34.919 W 85o 01.171,2006,February,2/11/06,Museum tags in jar but not individually attached.,YES,YES,4/26/22,Erik Johnson,2,49.7,,2.332,1,1,8,10,YES,0.4794,0.044,,Dry,,,,,,,,,,,,,,,,,,,,,,,,,,,,,,,,,,,,,,,,,,,,,,,,,,,,,,,,,,,,,,,,,,,,,,,,,,,,,,,,,,,,,,,
50,25,155269,None,Priapichthys annectens,Olomina,9-Jun,Rio Corocin,Guanacaste,Costa Rica,N 10o 34.919 W 85o 01.171,2006,February,2/11/06,Museum tags in jar but not individually attached.,YES,YES,26-Apr,Erik Johnson,2,42.3,,1.2453,1,1,4,9,YES,0.2497,0.0356,,Dry,,,,,,,,,,,,,,,,,,,,,,,,,,,,,,,,,,,,,,,,,,,,,,,,,,,,,,,,,,,,,,,,,,,,,,,,,,,,,,,,,,,,,,,
54,25,155273,None,Priapichthys annectens,Olomina,9-Jun,Rio Corocin,Guanacaste,Costa Rica,N 10o 34.919 W 85o 01.171,2006,February,2/11/06,Museum tags in jar but not individually attached.,YES,YES,4/26/22,Erik Johnson,2,39.8,,1.1274,1,1,9,4,YES,0.2435,0.01334,,Dry,,,,,,,,,,,,,,,,,,,,,,,,,,,,,,,,,,,,,,,,,,,,,,,,,,,,,,,,,,,,,,,,,,,,,,,,,,,,,,,,,,,,,,,
58,25,155277,None,Priapichthys annectens,Olomina,9-Jun,Rio Corocin,Guanacaste,Costa Rica,N 10o 34.919 W 85o 01.171,2006,February,2/11/06,Museum tags in jar but not individually attached.,YES,YES,26-Apr,Erik Johnson,2,41.5,,1.2443,1,1,6,8,YES,0.2824,0.0222,,Dry,,,,,,,,,,,,,,,,,,,,,,,,,,,,,,,,,,,,,,,,,,,,,,,,,,,,,,,,,,,,,,,,,,,,,,,,,,,,,,,,,,,,,,,
100,25,155319,None,Priapichthys annectens,Olomina,9-Jun,Rio Corocin,Guanacaste,Costa Rica,N 10o 34.919 W 85o 01.171,2006,February,2/11/06,Museum tags in jar but not individually attached.,YES,YES,4/26/22,Erik Johnson,2,39.2,,1.212,1,1,7,7,YES,0.249,0.0272,,Dry,,,,,,,,,,,,,,,,,,,,,,,,,,,,,,,,,,,,,,,,,,,,,,,,,,,,,,,,,,,,,,,,,,,,,,,,,,,,,,,,,,,,,,,
101,25,155320,None,Priapichthys annectens,Olomina,9-Jun,Rio Corocin,Guanacaste,Costa Rica,N 10o 34.919 W 85o 01.171,2006,February,2/11/06,Museum tags in jar but not individually attached.,YES,YES,4/26/22,Erik Johnson,0,31.5,,0.4592,0,0,NA,NA,YES,0.1046,,,Dry,,,,,,,,,,,,,,,,,,,,,,,,,,,,,,,,,,,,,,,,,,,,,,,,,,,,,,,,,,,,,,,,,,,,,,,,,,,,,,,,,,,,,,,
102,25,155321,None,Priapichthys annectens,Olomina,9-Jun,Rio Corocin,Guanacaste,Costa Rica,N 10o 34.919 W 85o 01.171,2006,February,2/11/06,Museum tags in jar but not individually attached.,YES,YES,4/26/22,Erik Johnson,0,36.1,,0.6423,0,0,NA,NA,YES,0.1486,NA,,Dry,,,,,,,,,,,,,,,,,,,,,,,,,,,,,,,,,,,,,,,,,,,,,,,,,,,,,,,,,,,,,,,,,,,,,,,,,,,,,,,,,,,,,,,
108,25,155327,None,Priapichthys annectens,Olomina,9-Jun,Rio Corocin,Guanacaste,Costa Rica,N 10o 34.919 W 85o 01.171,2006,February,2/11/06,Museum tags in jar but not individually attached.,YES,YES,4/26/22,Erik Johnson,2,37.4,,1.0242,1,1,11,2,YES,0.2045,0.0057,,Dry,,,,,,,,,,,,,,,,,,,,,,,,,,,,,,,,,,,,,,,,,,,,,,,,,,,,,,,,,,,,,,,,,,,,,,,,,,,,,,,,,,,,,,,
109,25,155328,None,Priapichthys annectens,Olomina,9-Jun,Rio Corocin,Guanacaste,Costa Rica,N 10o 34.919 W 85o 01.171,2006,February,2/11/06,Museum tags in jar but not individually attached.,YES,YES,4/26/22,Erik Johnson,2,38.9,,1.0884,1,1,11,6,YES,0.2098,NA,,Dry,,,,,,,,,,,,,,,,,,,,,,,,,,,,,,,,,,,,,,,,,,,,,,,,,,,,,,,,,,,,,,,,,,,,,,,,,,,,,,,,,,,,,,,
110,25,155329,None,Priapichthys annectens,Olomina,9-Jun,Rio Corocin,Guanacaste,Costa Rica,N 10o 34.919 W 85o 01.171,2006,February,2/11/06,Museum tags in jar but not individually attached.,YES,YES,4/26/22,Erik Johnson,0,33.4,,0.686,0,0,NA,NA,YES,0.1428,NA,,Dry,,,,,,,,,,,,,,,,,,,,,,,,,,,,,,,,,,,,,,,,,,,,,,,,,,,,,,,,,,,,,,,,,,,,,,,,,,,,,,,,,,,,,,,
112,25,155331,None,Priapichthys annectens,Olomina,9-Jun,Rio Corocin,Guanacaste,Costa Rica,N 10o 34.919 W 85o 01.171,2006,February,2/11/06,Museum tags in jar but not individually attached.,YES,YES,4/26/22,Erik Johnson,0,33.8,,0.6126,0,0,NA,NA,YES,0.1315,NA,,Dry,,,,,,,,,,,,,,,,,,,,,,,,,,,,,,,,,,,,,,,,,,,,,,,,,,,,,,,,,,,,,,,,,,,,,,,,,,,,,,,,,,,,,,,
2,19,154637,None,Priapichthys annectens,Olomina,27-Jun,Trib. to Rio Negro (South Fork)- near Guayabo,Guanacaste,Costa Rica,N 10o 45.766 W 85o 11.595,2006,May,5/5/06,Museum tags in jar but not individually attached.,YES,YES,5/9/22,Erik Johnson,2,53.2,,3.211,1,1,7,11,YES,0.7705,0.0573,,Wet,,,,,,,,,,,,,,,,,,,,,,,,,,,,,,,,,,,,,,,,,,,,,,,,,,,,,,,,,,,,,,,,,,,,,,,,,,,,,,,,,,,,,,,
4,19,154639,None,Priapichthys annectens,Olomina,27-Jun,Trib. to Rio Negro (South Fork)- near Guayabo,Guanacaste,Costa Rica,N 10o 45.766 W 85o 11.595,2006,May,5/5/06,Museum tags in jar but not individually attached.,YES,YES,5/10/22,Erik Johnson,2,42,,1.3329,1,1,11,2,YES,0.3583,0.0082,,Wet,,,,,,,,,,,,,,,,,,,,,,,,,,,,,,,,,,,,,,,,,,,,,,,,,,,,,,,,,,,,,,,,,,,,,,,,,,,,,,,,,,,,,,,
7,19,154642,None,Priapichthys annectens,Olomina,27-Jun,Trib. to Rio Negro (South Fork)- near Guayabo,Guanacaste,Costa Rica,N 10o 45.766 W 85o 11.595,2006,May,5/5/06,Museum tags in jar but not individually attached.,YES,YES,5/9/22,Erik Johnson,2,43.6,,1.6774,1,1,6,5,YES,0.4097,0.0224,,Wet,,,,,,,,,,,,,,,,,,,,,,,,,,,,,,,,,,,,,,,,,,,,,,,,,,,,,,,,,,,,,,,,,,,,,,,,,,,,,,,,,,,,,,,
9,19,154644,None,Priapichthys annectens,Olomina,27-Jun,Trib. to Rio Negro (South Fork)- near Guayabo,Guanacaste,Costa Rica,N 10o 45.766 W 85o 11.595,2006,May,5/5/06,Museum tags in jar but not individually attached.,YES,YES,5/10/22,Erik Johnson,2,42.1,,1.3874,1,1,9,3,YES,0.3429,0.0128,,Wet,,,,,,,,,,,,,,,,,,,,,,,,,,,,,,,,,,,,,,,,,,,,,,,,,,,,,,,,,,,,,,,,,,,,,,,,,,,,,,,,,,,,,,,
10,19,154645,None,Priapichthys annectens,Olomina,27-Jun,Trib. to Rio Negro (South Fork)- near Guayabo,Guanacaste,Costa Rica,N 10o 45.766 W 85o 11.595,2006,May,5/5/06,Museum tags in jar but not individually attached.,YES,YES,5/10/22,Erik Johnson,0,33,,0.619,0,0,NA,NA,YES,0.1655,NA,,Wet,,,,,,,,,,,,,,,,,,,,,,,,,,,,,,,,,,,,,,,,,,,,,,,,,,,,,,,,,,,,,,,,,,,,,,,,,,,,,,,,,,,,,,,
12,19,154647,None,Priapichthys annectens,Olomina,27-Jun,Trib. to Rio Negro (South Fork)- near Guayabo,Guanacaste,Costa Rica,N 10o 45.766 W 85o 11.595,2006,May,5/5/06,Museum tags in jar but not individually attached.,YES,YES,5/9/22,Erik Johnson,2,35.3,,0.7933,1,1,6,2,YES,0.1986,0.009,,Wet,,,,,,,,,,,,,,,,,,,,,,,,,,,,,,,,,,,,,,,,,,,,,,,,,,,,,,,,,,,,,,,,,,,,,,,,,,,,,,,,,,,,,,,
15,19,154650,None,Priapichthys annectens,Olomina,27-Jun,Trib. to Rio Negro (South Fork)- near Guayabo,Guanacaste,Costa Rica,N 10o 45.766 W 85o 11.595,2006,May,5/5/06,Museum tags in jar but not individually attached.,YES,YES,5/9/22,Erik Johnson,2,49.8,,2.87,1,1,10,12,YES,0.6715,0.059,,Wet,,,,,,,,,,,,,,,,,,,,,,,,,,,,,,,,,,,,,,,,,,,,,,,,,,,,,,,,,,,,,,,,,,,,,,,,,,,,,,,,,,,,,,,
16,19,154651,None,Priapichthys annectens,Olomina,27-Jun,Trib. to Rio Negro (South Fork)- near Guayabo,Guanacaste,Costa Rica,N 10o 45.766 W 85o 11.595,2006,May,5/5/06,Museum tags in jar but not individually attached.,YES,YES,5/10/22,Erik Johnson,2,36.8,,0.8612,1,1,1,,YES,0.2173,0.0054,,Wet,,,,,,,,,,,,,,,,,,,,,,,,,,,,,,,,,,,,,,,,,,,,,,,,,,,,,,,,,,,,,,,,,,,,,,,,,,,,,,,,,,,,,,,
17,19,154652,None,Priapichthys annectens,Olomina,27-Jun,Trib. to Rio Negro (South Fork)- near Guayabo,Guanacaste,Costa Rica,N 10o 45.766 W 85o 11.595,2006,May,5/5/06,Museum tags in jar but not individually attached.,YES,YES,5/10/22,Erik Johnson,2,37.1,,0.99,1,1,3,7,YES,0.2483,0.0255,,Wet,,,,,,,,,,,,,,,,,,,,,,,,,,,,,,,,,,,,,,,,,,,,,,,,,,,,,,,,,,,,,,,,,,,,,,,,,,,,,,,,,,,,,,,
18,19,154653,None,Priapichthys annectens,Olomina,27-Jun,Trib. to Rio Negro (South Fork)- near Guayabo,Guanacaste,Costa Rica,N 10o 45.766 W 85o 11.595,2006,May,5/5/06,Museum tags in jar but not individually attached.,YES,YES,5/9/22,Erik Johnson,2,36.5,,0.9414,1,1,10,4,YES,0.244,0.0129,,Wet,,,,,,,,,,,,,,,,,,,,,,,,,,,,,,,,,,,,,,,,,,,,,,,,,,,,,,,,,,,,,,,,,,,,,,,,,,,,,,,,,,,,,,,
21,19,154656,None,Priapichthys annectens,Olomina,27-Jun,Trib. to Rio Negro (South Fork)- near Guayabo,Guanacaste,Costa Rica,N 10o 45.766 W 85o 11.595,2006,May,5/5/06,Museum tags in jar but not individually attached.,YES,YES,5/9/22,Erik Johnson,2,34.2,,0.7749,1,1,6,3,YES,0.1952,0.0141,,Wet,,,,,,,,,,,,,,,,,,,,,,,,,,,,,,,,,,,,,,,,,,,,,,,,,,,,,,,,,,,,,,,,,,,,,,,,,,,,,,,,,,,,,,,
22,19,154657,None,Priapichthys annectens,Olomina,27-Jun,Trib. to Rio Negro (South Fork)- near Guayabo,Guanacaste,Costa Rica,N 10o 45.766 W 85o 11.595,2006,May,5/5/06,Museum tags in jar but not individually attached.,YES,YES,5/9/22,Erik Johnson,0,30.5,,0.4404,0,0,NA,NA,YES,0.117,NA,,Wet,,,,,,,,,,,,,,,,,,,,,,,,,,,,,,,,,,,,,,,,,,,,,,,,,,,,,,,,,,,,,,,,,,,,,,,,,,,,,,,,,,,,,,,
27,19,154662,None,Priapichthys annectens,Olomina,27-Jun,Trib. to Rio Negro (South Fork)- near Guayabo,Guanacaste,Costa Rica,N 10o 45.766 W 85o 11.595,2006,May,5/5/06,Museum tags in jar but not individually attached.,YES,YES,5/9/22,Erik Johnson,2,41.9,,1.5443,1,1,9,3,YES,0.3854,0.0148,,Wet,,,,,,,,,,,,,,,,,,,,,,,,,,,,,,,,,,,,,,,,,,,,,,,,,,,,,,,,,,,,,,,,,,,,,,,,,,,,,,,,,,,,,,,
35,19,154670,None,Priapichthys annectens,Olomina,27-Jun,Trib. to Rio Negro (South Fork)- near Guayabo,Guanacaste,Costa Rica,N 10o 45.766 W 85o 11.595,2006,May,5/5/06,Museum tags in jar but not individually attached.,YES,YES,5/10/22,Erik Johnson,0,39.8,,1.0781,0,0,NA,NA,YES,0.2855,NA,,Wet,,,,,,,,,,,,,,,,,,,,,,,,,,,,,,,,,,,,,,,,,,,,,,,,,,,,,,,,,,,,,,,,,,,,,,,,,,,,,,,,,,,,,,,
124,19,154759,None,Priapichthys annectens,Olomina,27-Jun,Trib. to Rio Negro (South Fork)- near Guayabo,Guanacaste,Costa Rica,N 10o 45.766 W 85o 11.595,2006,May,5/5/06,Museum tags in jar but not individually attached.,YES,YES,5/9/22,Erik Johnson,2,55.3,,3.406,1,1,8,8,YES,0.8357,0.0411,,Wet,,,,,,,,,,,,,,,,,,,,,,,,,,,,,,,,,,,,,,,,,,,,,,,,,,,,,,,,,,,,,,,,,,,,,,,,,,,,,,,,,,,,,,,
125,19,154760,None,Priapichthys annectens,Olomina,27-Jun,Trib. to Rio Negro (South Fork)- near Guayabo,Guanacaste,Costa Rica,N 10o 45.766 W 85o 11.595,2006,May,5/5/06,Museum tags in jar but not individually attached.,YES,YES,5/9/22,Erik Johnson,2,36.3,,0.808,1,1,7,4,YES,0.0172,0.2098,,Wet,,,,,,,,,,,,,,,,,,,,,,,,,,,,,,,,,,,,,,,,,,,,,,,,,,,,,,,,,,,,,,,,,,,,,,,,,,,,,,,,,,,,,,,
126,19,154761,None,Priapichthys annectens,Olomina,27-Jun,Trib. to Rio Negro (South Fork)- near Guayabo,Guanacaste,Costa Rica,N 10o 45.766 W 85o 11.595,2006,May,5/5/06,Museum tags in jar but not individually attached.,YES,YES,5/9/22,Erik Johnson,2,52.2,,3.1812,1,1,10,9,YES,0.7287,0.0403,,Wet,,,,,,,,,,,,,,,,,,,,,,,,,,,,,,,,,,,,,,,,,,,,,,,,,,,,,,,,,,,,,,,,,,,,,,,,,,,,,,,,,,,,,,,
127,19,154762,None,Priapichthys annectens,Olomina,27-Jun,Trib. to Rio Negro (South Fork)- near Guayabo,Guanacaste,Costa Rica,N 10o 45.766 W 85o 11.595,2006,May,5/5/06,Museum tags in jar but not individually attached.,YES,YES,5/9/22,Erik Johnson,2,35.4,,0.9002,1,1,7,3,YES,0.2106,0.0121,,Wet,,,,,,,,,,,,,,,,,,,,,,,,,,,,,,,,,,,,,,,,,,,,,,,,,,,,,,,,,,,,,,,,,,,,,,,,,,,,,,,,,,,,,,,
128,19,154763,None,Priapichthys annectens,Olomina,27-Jun,Trib. to Rio Negro (South Fork)- near Guayabo,Guanacaste,Costa Rica,N 10o 45.766 W 85o 11.595,2006,May,5/5/06,Museum tags in jar but not individually attached.,YES,YES,5/10/22,Erik Johnson,2,35.9,,0.779,1,1,3,3,YES,0.187,0.0105,,Wet,,,,,,,,,,,,,,,,,,,,,,,,,,,,,,,,,,,,,,,,,,,,,,,,,,,,,,,,,,,,,,,,,,,,,,,,,,,,,,,,,,,,,,,
130,19,154765,None,Priapichthys annectens,Olomina,27-Jun,Trib. to Rio Negro (South Fork)- near Guayabo,Guanacaste,Costa Rica,N 10o 45.766 W 85o 11.595,2006,May,5/5/06,Museum tags in jar but not individually attached.,YES,YES,5/9/22,Erik Johnson,2,37.4,,0.995,1,1,11,3,YES,0.2482,0.012,,Wet,,,,,,,,,,,,,,,,,,,,,,,,,,,,,,,,,,,,,,,,,,,,,,,,,,,,,,,,,,,,,,,,,,,,,,,,,,,,,,,,,,,,,,,
131,19,154766,None,Priapichthys annectens,Olomina,27-Jun,Trib. to Rio Negro (South Fork)- near Guayabo,Guanacaste,Costa Rica,N 10o 45.766 W 85o 11.595,2006,May,5/5/06,Museum tags in jar but not individually attached.,YES,YES,5/9/22,Erik Johnson,2,38.9,,1.0806,1,1,9,2,YES,0.2845,0.0065,,Wet,,,,,,,,,,,,,,,,,,,,,,,,,,,,,,,,,,,,,,,,,,,,,,,,,,,,,,,,,,,,,,,,,,,,,,,,,,,,,,,,,,,,,,,
132,19,154767,None,Priapichthys annectens,Olomina,27-Jun,Trib. to Rio Negro (South Fork)- near Guayabo,Guanacaste,Costa Rica,N 10o 45.766 W 85o 11.595,2006,May,5/5/06,Museum tags in jar but not individually attached.,YES,YES,5/9/22,Erik Johnson,0,31.1,,0.4916,0,0,NA,NA,YES,0.1285,NA,,Wet,,,,,,,,,,,,,,,,,,,,,,,,,,,,,,,,,,,,,,,,,,,,,,,,,,,,,,,,,,,,,,,,,,,,,,,,,,,,,,,,,,,,,,,
134,19,154769,None,Priapichthys annectens,Olomina,27-Jun,Trib. to Rio Negro (South Fork)- near Guayabo,Guanacaste,Costa Rica,N 10o 45.766 W 85o 11.595,2006,May,5/5/06,Museum tags in jar but not individually attached.,YES,YES,5/9/22,Erik Johnson,2,39.4,,1.1268,1,1,10,3,YES,0.286,0.0123,,Wet,,,,,,,,,,,,,,,,,,,,,,,,,,,,,,,,,,,,,,,,,,,,,,,,,,,,,,,,,,,,,,,,,,,,,,,,,,,,,,,,,,,,,,,
136,19,154771,None,Priapichthys annectens,Olomina,27-Jun,Trib. to Rio Negro (South Fork)- near Guayabo,Guanacaste,Costa Rica,N 10o 45.766 W 85o 11.595,2006,May,5/5/06,Museum tags in jar but not individually attached.,YES,YES,5/9/22,Erik Johnson,0,30.7,,0.4489,0,0,NA,NA,YES,0.1181,NA,,Wet,,,,,,,,,,,,,,,,,,,,,,,,,,,,,,,,,,,,,,,,,,,,,,,,,,,,,,,,,,,,,,,,,,,,,,,,,,,,,,,,,,,,,,,
140,19,154775,None,Priapichthys annectens,Olomina,27-Jun,Trib. to Rio Negro (South Fork)- near Guayabo,Guanacaste,Costa Rica,N 10o 45.766 W 85o 11.595,2006,May,5/5/06,Museum tags in jar but not individually attached.,YES,YES,5/9/22,Erik Johnson,2,46.9,,1.992,1,1,11,10,YES,0.4586,0.0452,,Wet,,,,,,,,,,,,,,,,,,,,,,,,,,,,,,,,,,,,,,,,,,,,,,,,,,,,,,,,,,,,,,,,,,,,,,,,,,,,,,,,,,,,,,,
142,19,154777,None,Priapichthys annectens,Olomina,27-Jun,Trib. to Rio Negro (South Fork)- near Guayabo,Guanacaste,Costa Rica,N 10o 45.766 W 85o 11.595,2006,May,5/5/06,Museum tags in jar but not individually attached.,YES,YES,5/9/22,Erik Johnson,2,55.1,,3.1111,1,1,9,8,YES,0.7731,0.0384,,Wet,,,,,,,,,,,,,,,,,,,,,,,,,,,,,,,,,,,,,,,,,,,,,,,,,,,,,,,,,,,,,,,,,,,,,,,,,,,,,,,,,,,,,,,
143,19,154778,None,Priapichthys annectens,Olomina,27-Jun,Trib. to Rio Negro (South Fork)- near Guayabo,Guanacaste,Costa Rica,N 10o 45.766 W 85o 11.595,2006,May,5/5/06,Museum tags in jar but not individually attached.,YES,YES,5/10/22,Erik Johnson,2,54.3,,2.9115,1,1,3,11,YES,0.7169,0.0314,,Wet,,,,,,,,,,,,,,,,,,,,,,,,,,,,,,,,,,,,,,,,,,,,,,,,,,,,,,,,,,,,,,,,,,,,,,,,,,,,,,,,,,,,,,,
144,19,154779,None,Priapichthys annectens,Olomina,27-Jun,Trib. to Rio Negro (South Fork)- near Guayabo,Guanacaste,Costa Rica,N 10o 45.766 W 85o 11.595,2006,May,5/5/06,Museum tags in jar but not individually attached.,YES,YES,5/9/22,Erik Johnson,2,39.2,,1.2589,1,1,1,,YES,0.324,0.0198,,Wet,,,,,,,,,,,,,,,,,,,,,,,,,,,,,,,,,,,,,,,,,,,,,,,,,,,,,,,,,,,,,,,,,,,,,,,,,,,,,,,,,,,,,,,
16,9,154052,None,Priapichthys annectens,Olomina,21-Jun,Rio Bijagua,Alajuela,Costa Rica,N 10o 43.887 W 85o 03.318,2006,February,2/15/06,Museum tags in jar but not individually attached.,Yes,Yes,18-May,Erik Johnson,2,52.1,,3.0935,1,1,8,23,YES,0.6821,0.0731,,Dry,,,,,,,,,,,,,,,,,,,,,,,,,,,,,,,,,,,,,,,,,,,,,,,,,,,,,,,,,,,,,,,,,,,,,,,,,,,,,,,,,,,,,,,
17,9,154053,None,Priapichthys annectens,Olomina,21-Jun,Rio Bijagua,Alajuela,Costa Rica,N 10o 43.887 W 85o 03.318,2006,February,2/15/06,Museum tags in jar but not individually attached.,Yes,Yes,18-May,Erik Johnson,2,46.8,,2.085,1,1,3,8,YES,0.4572,0.0531,,Dry,,,,,,,,,,,,,,,,,,,,,,,,,,,,,,,,,,,,,,,,,,,,,,,,,,,,,,,,,,,,,,,,,,,,,,,,,,,,,,,,,,,,,,,
18,9,154054,None,Priapichthys annectens,Olomina,21-Jun,Rio Bijagua,Alajuela,Costa Rica,N 10o 43.887 W 85o 03.318,2006,February,2/15/06,Museum tags in jar but not individually attached.,Yes,Yes,18-May,Erik Johnson,2,44.4,,1.8654,1,1,3,17,YES,0.3935,0.0291,,Dry,,,,,,,,,,,,,,,,,,,,,,,,,,,,,,,,,,,,,,,,,,,,,,,,,,,,,,,,,,,,,,,,,,,,,,,,,,,,,,,,,,,,,,,
19,9,154055,None,Priapichthys annectens,Olomina,21-Jun,Rio Bijagua,Alajuela,Costa Rica,N 10o 43.887 W 85o 03.318,2006,February,2/15/06,Museum tags in jar but not individually attached.,Yes,Yes,18-May,Erik Johnson,2,54.6,,2.852,1,1,4,25,YES,"6,519",0.0837,,Dry,,,,,,,,,,,,,,,,,,,,,,,,,,,,,,,,,,,,,,,,,,,,,,,,,,,,,,,,,,,,,,,,,,,,,,,,,,,,,,,,,,,,,,,
20,9,154056,None,Priapichthys annectens,Olomina,21-Jun,Rio Bijagua,Alajuela,Costa Rica,N 10o 43.887 W 85o 03.318,2006,February,2/15/06,Museum tags in jar but not individually attached.,Yes,Yes,18-May,Erik Johnson,2,44.9,,1.8988,1,2,11,9,YES,0.3909,0.0262,0.046,Dry,,,,,,,,,,,,,,,,,,,,,,,,,,,,,,,,,,,,,,,,,,,,,,,,,,,,,,,,,,,,,,,,,,,,,,,,,,,,,,,,,,,,,,,
21,9,154057,None,Priapichthys annectens,Olomina,21-Jun,Rio Bijagua,Alajuela,Costa Rica,N 10o 43.887 W 85o 03.318,2006,February,2/15/06,Museum tags in jar but not individually attached.,Yes,Yes,18-May,Erik Johnson,2,47,,2.2915,1,1,1,,YES,0.4912,0.0222,,Dry,,,,,,,,,,,,,,,,,,,,,,,,,,,,,,,,,,,,,,,,,,,,,,,,,,,,,,,,,,,,,,,,,,,,,,,,,,,,,,,,,,,,,,,
22,9,154058,None,Priapichthys annectens,Olomina,21-Jun,Rio Bijagua,Alajuela,Costa Rica,N 10o 43.887 W 85o 03.318,2006,February,2/15/06,Museum tags in jar but not individually attached.,Yes,Yes,18-May,Erik Johnson,2,41,,1.2202,1,1,5,12,YES,0.2684,0.0409,,Dry,,,,,,,,,,,,,,,,,,,,,,,,,,,,,,,,,,,,,,,,,,,,,,,,,,,,,,,,,,,,,,,,,,,,,,,,,,,,,,,,,,,,,,,
24,9,154060,None,Priapichthys annectens,Olomina,21-Jun,Rio Bijagua,Alajuela,Costa Rica,N 10o 43.887 W 85o 03.318,2006,February,2/15/06,Museum tags in jar but not individually attached.,Yes,Yes,18-May,Erik Johnson,2,45.2,,2.25,1,1,9,19,YES,0.4921,0.0513,,Dry,,,,,,,,,,,,,,,,,,,,,,,,,,,,,,,,,,,,,,,,,,,,,,,,,,,,,,,,,,,,,,,,,,,,,,,,,,,,,,,,,,,,,,,
25,9,154061,None,Priapichthys annectens,Olomina,21-Jun,Rio Bijagua,Alajuela,Costa Rica,N 10o 43.887 W 85o 03.318,2006,February,2/15/06,Museum tags in jar but not individually attached.,YES,YES,18-May,Erik Johnson,2,36.3,,1.0216,1,1,10,5,YES,0.22,0.0114,,Dry,,,,,,,,,,,,,,,,,,,,,,,,,,,,,,,,,,,,,,,,,,,,,,,,,,,,,,,,,,,,,,,,,,,,,,,,,,,,,,,,,,,,,,,
26,9,154062,None,Priapichthys annectens,Olomina,21-Jun,Rio Bijagua,Alajuela,Costa Rica,N 10o 43.887 W 85o 03.318,2006,February,2/15/06,Museum tags in jar but not individually attached.,Yes,Yes,18-May,Erik Johnson,2,41.1,,1.3059,1,1,6,12,YES,0.2946,0.0364,,Dry,,,,,,,,,,,,,,,,,,,,,,,,,,,,,,,,,,,,,,,,,,,,,,,,,,,,,,,,,,,,,,,,,,,,,,,,,,,,,,,,,,,,,,,
27,9,154063,None,Priapichthys annectens,Olomina,21-Jun,Rio Bijagua,Alajuela,Costa Rica,N 10o 43.887 W 85o 03.318,2006,February,2/15/06,Museum tags in jar but not individually attached.,Yes,Yes,18-May,Erik Johnson,0,32.1,,0.5938,0,0,NA,NA,YES,0.1322,NA,,Dry,,,,,,,,,,,,,,,,,,,,,,,,,,,,,,,,,,,,,,,,,,,,,,,,,,,,,,,,,,,,,,,,,,,,,,,,,,,,,,,,,,,,,,,
28,9,154064,None,Priapichthys annectens,Olomina,21-Jun,Rio Bijagua,Alajuela,Costa Rica,N 10o 43.887 W 85o 03.318,2006,February,2/15/06,Museum tags in jar but not individually attached.,Yes,Yes,18-May,Erik Johnson,2,41.1,,1.4545,1,1,4,11,YES,0.3108,0.0189,,Dry,,,,,,,,,,,,,,,,,,,,,,,,,,,,,,,,,,,,,,,,,,,,,,,,,,,,,,,,,,,,,,,,,,,,,,,,,,,,,,,,,,,,,,,
29,9,154065,None,Priapichthys annectens,Olomina,21-Jun,Rio Bijagua,Alajuela,Costa Rica,N 10o 43.887 W 85o 03.318,2006,February,2/15/06,Museum tags in jar but not individually attached.,Yes,Yes,18-May,Erik Johnson,0,34.2,,0.717,0,0,NA,NA,YES,0.1633,NA,,Dry,,,,,,,,,,,,,,,,,,,,,,,,,,,,,,,,,,,,,,,,,,,,,,,,,,,,,,,,,,,,,,,,,,,,,,,,,,,,,,,,,,,,,,,
30,9,154066,None,Priapichthys annectens,Olomina,21-Jun,Rio Bijagua,Alajuela,Costa Rica,N 10o 43.887 W 85o 03.318,2006,February,2/15/06,Museum tags in jar but not individually attached.,Yes,Yes,18-May,Erik Johnson,2,31.8,,0.6299,1,2,10,1,YES,"1,255",0.0021,0.007,Dry,,,,,,,,,,,,,,,,,,,,,,,,,,,,,,,,,,,,,,,,,,,,,,,,,,,,,,,,,,,,,,,,,,,,,,,,,,,,,,,,,,,,,,,
31,9,154067,None,Priapichthys annectens,Olomina,21-Jun,Rio Bijagua,Alajuela,Costa Rica,N 10o 43.887 W 85o 03.318,2006,February,2/15/06,Museum tags in jar but not individually attached.,Yes,Yes,18-May,Erik Johnson,2,47.4,,2.1789,1,1,7,11,YES,0.4827,0.0377,,Dry,,,,,,,,,,,,,,,,,,,,,,,,,,,,,,,,,,,,,,,,,,,,,,,,,,,,,,,,,,,,,,,,,,,,,,,,,,,,,,,,,,,,,,,
32,9,154068,None,Priapichthys annectens,Olomina,21-Jun,Rio Bijagua,Alajuela,Costa Rica,N 10o 43.887 W 85o 03.318,2006,February,2/15/06,Museum tags in jar but not individually attached.,Yes,Yes,18-May,Erik Johnson,2,43.2,,1.5688,1,1,1,,YES,0.3692,0.0088,,Dry,,,,,,,,,,,,,,,,,,,,,,,,,,,,,,,,,,,,,,,,,,,,,,,,,,,,,,,,,,,,,,,,,,,,,,,,,,,,,,,,,,,,,,,
35,9,154071,None,Priapichthys annectens,Olomina,21-Jun,Rio Bijagua,Alajuela,Costa Rica,N 10o 43.887 W 85o 03.318,2006,February,2/15/06,Museum tags in jar but not individually attached.,Yes,Yes,18-May,Erik Johnson,2,36.7,,1.0788,1,1,6,3,YES,0.2262,0.01,,Dry,,,,,,,,,,,,,,,,,,,,,,,,,,,,,,,,,,,,,,,,,,,,,,,,,,,,,,,,,,,,,,,,,,,,,,,,,,,,,,,,,,,,,,,
36,9,154072,None,Priapichthys annectens,Olomina,21-Jun,Rio Bijagua,Alajuela,Costa Rica,N 10o 43.887 W 85o 03.318,2006,February,2/15/06,Museum tags in jar but not individually attached.,Yes,Yes,18-May,Erik Johnson,0,37.1,,0.835,0,0,NA,NA,YES,0.2105,NA,,Dry,,,,,,,,,,,,,,,,,,,,,,,,,,,,,,,,,,,,,,,,,,,,,,,,,,,,,,,,,,,,,,,,,,,,,,,,,,,,,,,,,,,,,,,
37,9,154073,None,Priapichthys annectens,Olomina,21-Jun,Rio Bijagua,Alajuela,Costa Rica,N 10o 43.887 W 85o 03.318,2006,February,2/15/06,Museum tags in jar but not individually attached.,Yes,Yes,18-May,Erik Johnson,0,30.1,,0.5007,0,0,NA,NA,YES,0.1142,NA,,Dry,,,,,,,,,,,,,,,,,,,,,,,,,,,,,,,,,,,,,,,,,,,,,,,,,,,,,,,,,,,,,,,,,,,,,,,,,,,,,,,,,,,,,,,
38,9,154074,None,Priapichthys annectens,Olomina,21-Jun,Rio Bijagua,Alajuela,Costa Rica,N 10o 43.887 W 85o 03.318,2006,February,2/15/06,Museum tags in jar but not individually attached.,Yes,Yes,18-May,Erik Johnson,0,32,,0.5781,0,0,NA,NA,YES,0.1284,NA,,Dry,,,,,,,,,,,,,,,,,,,,,,,,,,,,,,,,,,,,,,,,,,,,,,,,,,,,,,,,,,,,,,,,,,,,,,,,,,,,,,,,,,,,,,,
39,9,154075,None,Priapichthys annectens,Olomina,21-Jun,Rio Bijagua,Alajuela,Costa Rica,N 10o 43.887 W 85o 03.318,2006,February,2/15/06,Museum tags in jar but not individually attached.,Yes,Yes,18-May,Erik Johnson,0,34.4,,0.7671,0,0,NA,NA,YES,0.1808,NA,,Dry,,,,,,,,,,,,,,,,,,,,,,,,,,,,,,,,,,,,,,,,,,,,,,,,,,,,,,,,,,,,,,,,,,,,,,,,,,,,,,,,,,,,,,,
41,9,154077,None,Priapichthys annectens,Olomina,21-Jun,Rio Bijagua,Alajuela,Costa Rica,N 10o 43.887 W 85o 03.318,2006,February,2/15/06,Museum tags in jar but not individually attached.,Yes,Yes,18-May,Erik Johnson,0,32.8,,0.6872,0,0,NA,NA,YES,0.1558,NA,,Dry,,,,,,,,,,,,,,,,,,,,,,,,,,,,,,,,,,,,,,,,,,,,,,,,,,,,,,,,,,,,,,,,,,,,,,,,,,,,,,,,,,,,,,,
45,9,154081,None,Priapichthys annectens,Olomina,21-Jun,Rio Bijagua,Alajuela,Costa Rica,N 10o 43.887 W 85o 03.318,2006,February,2/15/06,Museum tags in jar but not individually attached.,Yes,Yes,18-May,Erik Johnson,0,32.1,,0.5906,0,0,NA,NA,YES,0.132,NA,,Dry,,,,,,,,,,,,,,,,,,,,,,,,,,,,,,,,,,,,,,,,,,,,,,,,,,,,,,,,,,,,,,,,,,,,,,,,,,,,,,,,,,,,,,,
,,278969,,Priapichthys annectens,,,Rio Gavilan,,,,2022,June,,,YES,YES,7/10/22,Erik Johnson,2,37.9,,0.965,1,2,10,2,YES,0.2384,0.0056,0.0083,Wet,,,,,,,,,,,,,,,,,,,,,,,,,,,,,,,,,,,,,,,,,,,,,,,,,,,,,,,,,,,,,,,,,,,,,,,,,,,,,,,,,,,,,,,
,,278970,,Priapichthys annectens,,,Rio Gavilan,,,,2022,June,,,YES,YES,7/10/22,Erik Johnson,2,37,,0.9187,1,1,5,1,YES,0.2392,0.0041,,Wet,,,,,,,,,,,,,,,,,,,,,,,,,,,,,,,,,,,,,,,,,,,,,,,,,,,,,,,,,,,,,,,,,,,,,,,,,,,,,,,,,,,,,,,
,,278971,,Priapichthys annectens,,,Rio Gavilan,,,,2022,June,,,YES,YES,7/10/22,Erik Johnson,0,41.4,,1.3709,0,0,NA,NA,YES,0.3753,NA,,Wet,,,,,,,,,,,,,,,,,,,,,,,,,,,,,,,,,,,,,,,,,,,,,,,,,,,,,,,,,,,,,,,,,,,,,,,,,,,,,,,,,,,,,,,
,,278972,,Priapichthys annectens,,,Rio Gavilan,,,,2022,June,,,YES,YES,7/10/22,Erik Johnson,2,41.7,,1.3178,1,2,11,4,YES,0.3558,0.0159,0.0215,Wet,,,,,,,,,,,,,,,,,,,,,,,,,,,,,,,,,,,,,,,,,,,,,,,,,,,,,,,,,,,,,,,,,,,,,,,,,,,,,,,,,,,,,,,
,,278973,,Priapichthys annectens,,,Rio Gavilan,,,,2022,June,,,YES,YES,7/10/22,Erik Johnson,2,38.2,,1.0232,1,1,10,1,YES,0.2712,0.0052,,Wet,,,,,,,,,,,,,,,,,,,,,,,,,,,,,,,,,,,,,,,,,,,,,,,,,,,,,,,,,,,,,,,,,,,,,,,,,,,,,,,,,,,,,,,
,,278974,,Priapichthys annectens,,,Rio Gavilan,,,,2022,June,,,YES,YES,7/10/22,Erik Johnson,0,52.1,,2.637,0,0,NA,NA,YES,0.7056,NA,,Wet,,,,,,,,,,,,,,,,,,,,,,,,,,,,,,,,,,,,,,,,,,,,,,,,,,,,,,,,,,,,,,,,,,,,,,,,,,,,,,,,,,,,,,,
,,278975,,Priapichthys annectens,,,Rio Gavilan,,,,2022,June,,,YES,YES,7/10/22,Erik Johnson,2,44.1,,1.6758,1,1,4,4,YES,0.4392,0.0257,,Wet,,,,,,,,,,,,,,,,,,,,,,,,,,,,,,,,,,,,,,,,,,,,,,,,,,,,,,,,,,,,,,,,,,,,,,,,,,,,,,,,,,,,,,,
,,278976,,Priapichthys annectens,,,Rio Gavilan,,,,2022,June,,,YES,YES,7/10/22,Erik Johnson,2,48.9,,2.195,1,1,3,4,YES,0.5351,0.0194,,Wet,,,,,,,,,,,,,,,,,,,,,,,,,,,,,,,,,,,,,,,,,,,,,,,,,,,,,,,,,,,,,,,,,,,,,,,,,,,,,,,,,,,,,,,
,,278977,,Priapichthys annectens,,,Rio Gavilan,,,,2022,June,,,YES,YES,7/10/22,Erik Johnson,2,41.1,,1.2811,1,1,10,3,YES,0.3196,0.0121,,Wet,,,,,,,,,,,,,,,,,,,,,,,,,,,,,,,,,,,,,,,,,,,,,,,,,,,,,,,,,,,,,,,,,,,,,,,,,,,,,,,,,,,,,,,
,,278978,,Priapichthys annectens,,,Rio Gavilan,,,,2022,June,,,YES,YES,7/10/22,Erik Johnson,2,42.1,,1.6255,1,1,11,6,YES,0.3956,0.0296,,Wet,,,,,,,,,,,,,,,,,,,,,,,,,,,,,,,,,,,,,,,,,,,,,,,,,,,,,,,,,,,,,,,,,,,,,,,,,,,,,,,,,,,,,,,
,,278979,,Priapichthys annectens,,,Rio Gavilan,,,,2022,June,,,YES,YES,7/10/22,Erik Johnson,0,37.7,,0.9796,0,0,NA,NA,YES,0.2689,NA,,Wet,,,,,,,,,,,,,,,,,,,,,,,,,,,,,,,,,,,,,,,,,,,,,,,,,,,,,,,,,,,,,,,,,,,,,,,,,,,,,,,,,,,,,,,
,,278980,,Priapichthys annectens,,,Rio Gavilan,,,,2022,June,,,YES,YES,7/10/22,Erik Johnson,2,36.4,,0.865,1,1,4,2,YES,0.2251,0.0112,,Wet,,,,,,,,,,,,,,,,,,,,,,,,,,,,,,,,,,,,,,,,,,,,,,,,,,,,,,,,,,,,,,,,,,,,,,,,,,,,,,,,,,,,,,,
,,278981,,Priapichthys annectens,,,Rio Gavilan,,,,2022,June,,,YES,YES,7/10/22,Erik Johnson,2,41.6,,1.3924,1,1,9,4,YES,0.3387,0.0203,,Wet,,,,,,,,,,,,,,,,,,,,,,,,,,,,,,,,,,,,,,,,,,,,,,,,,,,,,,,,,,,,,,,,,,,,,,,,,,,,,,,,,,,,,,,
,,278982,,Priapichthys annectens,,,Rio Gavilan,,,,2022,June,,,YES,YES,7/10/22,Erik Johnson,2,34.6,,0.7872,1,1,9,2,YES,0.2084,0.0062,,Wet,,,,,,,,,,,,,,,,,,,,,,,,,,,,,,,,,,,,,,,,,,,,,,,,,,,,,,,,,,,,,,,,,,,,,,,,,,,,,,,,,,,,,,,
,,278983,,Priapichthys annectens,,,Rio Gavilan,,,,2022,June,,,YES,YES,7/10/22,Erik Johnson,2,32.8,,0.662,1,1,4,1,YES,0.1821,0.0049,,Wet,,,,,,,,,,,,,,,,,,,,,,,,,,,,,,,,,,,,,,,,,,,,,,,,,,,,,,,,,,,,,,,,,,,,,,,,,,,,,,,,,,,,,,,
,,278984,,Priapichthys annectens,,,Rio Gavilan,,,,2022,June,,,YES,YES,7/10/22,Erik Johnson,0,29.4,,0.4588,0,0,NA,NA,YES,0.124,NA,,Wet,,,,,,,,,,,,,,,,,,,,,,,,,,,,,,,,,,,,,,,,,,,,,,,,,,,,,,,,,,,,,,,,,,,,,,,,,,,,,,,,,,,,,,,
,,278985,,Priapichthys annectens,,,Rio Gavilan,,,,2022,June,,,YES,YES,7/10/22,Erik Johnson,2,36.4,,0.9102,1,1,11,4,YES,0.2156,0.0137,,Wet,,,,,,,,,,,,,,,,,,,,,,,,,,,,,,,,,,,,,,,,,,,,,,,,,,,,,,,,,,,,,,,,,,,,,,,,,,,,,,,,,,,,,,,
,,278986,,Priapichthys annectens,,,Rio Gavilan,,,,2022,June,,,YES,YES,7/10/22,Erik Johnson,0,31.4,,0.527,0,0,NA,NA,YES,0.1372,NA,,Wet,,,,,,,,,,,,,,,,,,,,,,,,,,,,,,,,,,,,,,,,,,,,,,,,,,,,,,,,,,,,,,,,,,,,,,,,,,,,,,,,,,,,,,,
,,278987,,Priapichthys annectens,,,Rio Gavilan,,,,2022,June,,,YES,YES,7/10/22,Erik Johnson,0,27.4,,0.3464,0,0,NA,NA,YES,0.0854,NA,,Wet,,,,,,,,,,,,,,,,,,,,,,,,,,,,,,,,,,,,,,,,,,,,,,,,,,,,,,,,,,,,,,,,,,,,,,,,,,,,,,,,,,,,,,,
,,278988,,Priapichthys annectens,,,Rio Gavilan,,,,2022,June,,,YES,YES,7/10/22,Erik Johnson,0,38.7,,1.0444,0,0,NA,NA,YES,0.2718,NA,,Wet,,,,,,,,,,,,,,,,,,,,,,,,,,,,,,,,,,,,,,,,,,,,,,,,,,,,,,,,,,,,,,,,,,,,,,,,,,,,,,,,,,,,,,,
,,278989,,Priapichthys annectens,,,Rio Gavilan,,,,2022,June,,,YES,YES,7/10/22,Erik Johnson,2,40,,1.2491,1,1,7,3,YES,0.3119,0.0163,,Wet,,,,,,,,,,,,,,,,,,,,,,,,,,,,,,,,,,,,,,,,,,,,,,,,,,,,,,,,,,,,,,,,,,,,,,,,,,,,,,,,,,,,,,,
,,278990,,Priapichthys annectens,,,Rio Gavilan,,,,2022,June,,,YES,YES,7/10/22,Erik Johnson,2,41.3,,1.4198,1,1,8,8,YES,0.3295,0.0371,,Wet,,,,,,,,,,,,,,,,,,,,,,,,,,,,,,,,,,,,,,,,,,,,,,,,,,,,,,,,,,,,,,,,,,,,,,,,,,,,,,,,,,,,,,,
,,278991,,Priapichthys annectens,,,Rio Gavilan,,,,2022,June,,,YES,YES,7/10/22,Erik Johnson,0,28.2,,0.4038,0,0,NA,NA,YES,0.1141,NA,,Wet,,,,,,,,,,,,,,,,,,,,,,,,,,,,,,,,,,,,,,,,,,,,,,,,,,,,,,,,,,,,,,,,,,,,,,,,,,,,,,,,,,,,,,,
,,278992,,Priapichthys annectens,,,Rio Gavilan,,,,2022,June,,,YES,YES,7/10/22,Erik Johnson,0,49,,2.2243,0,0,NA,NA,YES,0.5863,NA,,Wet,,,,,,,,,,,,,,,,,,,,,,,,,,,,,,,,,,,,,,,,,,,,,,,,,,,,,,,,,,,,,,,,,,,,,,,,,,,,,,,,,,,,,,,
,,278993,,Priapichthys annectens,,,Rio Gavilan,,,,2022,June,,,YES,YES,7/10/22,Erik Johnson,2,39.6,,1.2753,1,2,11,4,YES,0.2927,0.0155,0.0204,Wet,,,,,,,,,,,,,,,,,,,,,,,,,,,,,,,,,,,,,,,,,,,,,,,,,,,,,,,,,,,,,,,,,,,,,,,,,,,,,,,,,,,,,,,
,,278994,,Priapichthys annectens,,,Rio Gavilan,,,,2022,June,,,YES,YES,7/10/22,Erik Johnson,2,44.4,,1.784,1,1,8,5,YES,0.4144,0.0308,,Wet,,,,,,,,,,,,,,,,,,,,,,,,,,,,,,,,,,,,,,,,,,,,,,,,,,,,,,,,,,,,,,,,,,,,,,,,,,,,,,,,,,,,,,,
,,278995,,Priapichthys annectens,,,Rio Gavilan,,,,2022,June,,,YES,YES,7/10/22,Erik Johnson,0,45.1,,1.8219,0,0,NA,NA,YES,0.4768,NA,,Wet,,,,,,,,,,,,,,,,,,,,,,,,,,,,,,,,,,,,,,,,,,,,,,,,,,,,,,,,,,,,,,,,,,,,,,,,,,,,,,,,,,,,,,,
,,278996,,Priapichthys annectens,,,Rio Gavilan,,,,2022,June,,,YES,YES,7/10/22,Erik Johnson,0,38.1,,1.0526,0,0,NA,NA,YES,0.2571,NA,,Wet,,,,,,,,,,,,,,,,,,,,,,,,,,,,,,,,,,,,,,,,,,,,,,,,,,,,,,,,,,,,,,,,,,,,,,,,,,,,,,,,,,,,,,,
,,278997,,Priapichthys annectens,,,Rio Gavilan,,,,2022,June,,,YES,YES,7/10/22,Erik Johnson,0,39.2,,1.0354,0,0,NA,NA,YES,0.261,NA,,Wet,,,,,,,,,,,,,,,,,,,,,,,,,,,,,,,,,,,,,,,,,,,,,,,,,,,,,,,,,,,,,,,,,,,,,,,,,,,,,,,,,,,,,,,
,,278998,,Priapichthys annectens,,,Rio Gavilan,,,,2022,June,,,YES,YES,7/10/22,Erik Johnson,0,41.5,,1.3667,0,0,NA,NA,YES,0.3326,NA,,Wet,,,,,,,,,,,,,,,,,,,,,,,,,,,,,,,,,,,,,,,,,,,,,,,,,,,,,,,,,,,,,,,,,,,,,,,,,,,,,,,,,,,,,,,
,,278999,,Priapichthys annectens,,,Rio Gavilan,,,,2022,June,,,YES,YES,7/10/22,Erik Johnson,2,35.6,,0.86,1,2,9,2,YES,0.2026,0.0068,0.0136,Wet,,,,,,,,,,,,,,,,,,,,,,,,,,,,,,,,,,,,,,,,,,,,,,,,,,,,,,,,,,,,,,,,,,,,,,,,,,,,,,,,,,,,,,,
,,279000,,Priapichthys annectens,,,Rio Gavilan,,,,2022,June,,,YES,YES,7/10/22,Erik Johnson,0,41.2,,1.348,0,0,NA,NA,YES,0.3247,NA,,Wet,,,,,,,,,,,,,,,,,,,,,,,,,,,,,,,,,,,,,,,,,,,,,,,,,,,,,,,,,,,,,,,,,,,,,,,,,,,,,,,,,,,,,,,
,,279001,,Priapichthys annectens,,,Rio Gavilan,,,,2022,June,,,YES,YES,7/10/22,Erik Johnson,2,46.5,,1.905,1,1,8,8,YES,0.4339,0.0581,,Wet,,,,,,,,,,,,,,,,,,,,,,,,,,,,,,,,,,,,,,,,,,,,,,,,,,,,,,,,,,,,,,,,,,,,,,,,,,,,,,,,,,,,,,,
,,279016,,Priapichthys annectens,,,Wind Turbine Road,,,,2022,June,,,YES,YES,7/11/22,Erik Johnson,2,58.9,,4.6722,1,1,6,41,YES,1.6102,0.2551,,Wet,,,,,,,,,,,,,,,,,,,,,,,,,,,,,,,,,,,,,,,,,,,,,,,,,,,,,,,,,,,,,,,,,,,,,,,,,,,,,,,,,,,,,,,
,,279017,,Priapichthys annectens,,,Wind Turbine Road,,,,2022,June,,,YES,YES,7/11/22,Erik Johnson,2,48.3,,2.4846,1,2,10,12,YES,0.6755,0.0339,0.1001,Wet,,,,,,,,,,,,,,,,,,,,,,,,,,,,,,,,,,,,,,,,,,,,,,,,,,,,,,,,,,,,,,,,,,,,,,,,,,,,,,,,,,,,,,,
,,279018,,Priapichthys annectens,,,Wind Turbine Road,,,,2022,June,,,YES,YES,7/11/22,Erik Johnson,2,42.8,,1.638,1,1,1,,YES,0.5464,0.0316,,Wet,,,,,,,,,,,,,,,,,,,,,,,,,,,,,,,,,,,,,,,,,,,,,,,,,,,,,,,,,,,,,,,,,,,,,,,,,,,,,,,,,,,,,,,
,,279019,,Priapichthys annectens,,,Wind Turbine Road,,,,2022,June,,,YES,YES,7/11/22,Erik Johnson,2,47.9,,2.2638,1,1,5,27,YES,0.7042,0.0989,,Wet,,,,,,,,,,,,,,,,,,,,,,,,,,,,,,,,,,,,,,,,,,,,,,,,,,,,,,,,,,,,,,,,,,,,,,,,,,,,,,,,,,,,,,,
,,279020,,Priapichthys annectens,,,Wind Turbine Road,,,,2022,June,,,YES,YES,7/11/22,Erik Johnson,2,37.7,,0.9573,1,1,1,,YES,0.3045,0.0143,,Wet,,,,,,,,,,,,,,,,,,,,,,,,,,,,,,,,,,,,,,,,,,,,,,,,,,,,,,,,,,,,,,,,,,,,,,,,,,,,,,,,,,,,,,,
,,279021,,Priapichthys annectens,,,Wind Turbine Road,,,,2022,June,,,YES,YES,7/11/22,Erik Johnson,0,33.8,,0.3753,0,0,NA,NA,YES,0.1834,NA,,Wet,,,,,,,,,,,,,,,,,,,,,,,,,,,,,,,,,,,,,,,,,,,,,,,,,,,,,,,,,,,,,,,,,,,,,,,,,,,,,,,,,,,,,,,
,,279022,,Priapichthys annectens,,,Wind Turbine Road,,,,2022,June,,,YES,YES,7/11/22,Erik Johnson,0,36.1,,0.9084,0,0,NA,NA,YES,0.2606,NA,,Wet,,,,,,,,,,,,,,,,,,,,,,,,,,,,,,,,,,,,,,,,,,,,,,,,,,,,,,,,,,,,,,,,,,,,,,,,,,,,,,,,,,,,,,,
,,279023,,Priapichthys annectens,,,Wind Turbine Road,,,,2022,June,,,YES,YES,7/11/22,Erik Johnson,0,34.8,,0.7753,0,0,NA,NA,YES,0.1995,NA,,Wet,,,,,,,,,,,,,,,,,,,,,,,,,,,,,,,,,,,,,,,,,,,,,,,,,,,,,,,,,,,,,,,,,,,,,,,,,,,,,,,,,,,,,,,
,,279024,,Priapichthys annectens,,,Wind Turbine Road,,,,2022,June,,,YES,YES,7/11/22,Erik Johnson,2,42.6,,1.546,1,1,4,8,YES,0.4047,0.0332,,Wet,,,,,,,,,,,,,,,,,,,,,,,,,,,,,,,,,,,,,,,,,,,,,,,,,,,,,,,,,,,,,,,,,,,,,,,,,,,,,,,,,,,,,,,
,,279025,,Priapichthys annectens,,,Wind Turbine Road,,,,2022,June,,,YES,YES,7/11/22,Erik Johnson,2,55.6,,3.6375,1,2,11,17,YES,1.3919,0.0836,0.1246,Wet,,,,,,,,,,,,,,,,,,,,,,,,,,,,,,,,,,,,,,,,,,,,,,,,,,,,,,,,,,,,,,,,,,,,,,,,,,,,,,,,,,,,,,,
,,279026,,Priapichthys annectens,,,Wind Turbine Road,,,,2022,June,,,YES,YES,7/11/22,Erik Johnson,0,35.7,,0.9602,0,0,NA,NA,YES,0.2352,NA,,Wet,,,,,,,,,,,,,,,,,,,,,,,,,,,,,,,,,,,,,,,,,,,,,,,,,,,,,,,,,,,,,,,,,,,,,,,,,,,,,,,,,,,,,,,
,,279027,,Priapichthys annectens,,,Wind Turbine Road,,,,2022,June,,,YES,YES,7/11/22,Erik Johnson,2,38.9,,1.1717,1,1,1,,YES,0.3177,0.0022,,Wet,,,,,,,,,,,,,,,,,,,,,,,,,,,,,,,,,,,,,,,,,,,,,,,,,,,,,,,,,,,,,,,,,,,,,,,,,,,,,,,,,,,,,,,
,,279028,,Priapichthys annectens,,,Wind Turbine Road,,,,2022,June,,,YES,YES,7/11/22,Erik Johnson,2,41.6,,1.4351,1,2,10,6,YES,0.3814,0.0147,0.0333,Wet,,,,,,,,,,,,,,,,,,,,,,,,,,,,,,,,,,,,,,,,,,,,,,,,,,,,,,,,,,,,,,,,,,,,,,,,,,,,,,,,,,,,,,,
,,279029,,Priapichthys annectens,,,Wind Turbine Road,,,,2022,June,,,YES,YES,7/11/22,Erik Johnson,2,60,,4.5119,1,1,7,40,YES,1.2794,0.2572,,Wet,,,,,,,,,,,,,,,,,,,,,,,,,,,,,,,,,,,,,,,,,,,,,,,,,,,,,,,,,,,,,,,,,,,,,,,,,,,,,,,,,,,,,,,
,,279030,,Priapichthys annectens,,,Wind Turbine Road,,,,2022,June,,,YES,YES,7/11/22,Erik Johnson,2,42,,1.6546,1,1,3,22,YES,0.6461,0.0683,,Wet,,,,,,,,,,,,,,,,,,,,,,,,,,,,,,,,,,,,,,,,,,,,,,,,,,,,,,,,,,,,,,,,,,,,,,,,,,,,,,,,,,,,,,,
,,279031,,Priapichthys annectens,,,Wind Turbine Road,,,,2022,June,,,YES,YES,7/11/22,Erik Johnson,0,41.8,,1.514,0,0,NA,NA,YES,0.4085,NA,,Wet,,,,,,,,,,,,,,,,,,,,,,,,,,,,,,,,,,,,,,,,,,,,,,,,,,,,,,,,,,,,,,,,,,,,,,,,,,,,,,,,,,,,,,,
,,279032,,Priapichthys annectens,,,Wind Turbine Road,,,,2022,June,,,YES,YES,7/11/22,Erik Johnson,2,40.5,,1.3549,1,1,1,,YES,0.3538,0.031,,Wet,,,,,,,,,,,,,,,,,,,,,,,,,,,,,,,,,,,,,,,,,,,,,,,,,,,,,,,,,,,,,,,,,,,,,,,,,,,,,,,,,,,,,,,
,,279033,,Priapichthys annectens,,,Wind Turbine Road,,,,2022,June,,,YES,YES,7/11/22,Erik Johnson,2,52.1,,2.7485,1,1,7,16,YES,0.7876,0.0844,,Wet,,,,,,,,,,,,,,,,,,,,,,,,,,,,,,,,,,,,,,,,,,,,,,,,,,,,,,,,,,,,,,,,,,,,,,,,,,,,,,,,,,,,,,,
,,279034,,Priapichthys annectens,,,Wind Turbine Road,,,,2022,June,,,YES,YES,7/11/22,Erik Johnson,2,46.5,,2.0336,1,2,9,10,YES,0.5435,0.0301,0.0566,Wet,,,,,,,,,,,,,,,,,,,,,,,,,,,,,,,,,,,,,,,,,,,,,,,,,,,,,,,,,,,,,,,,,,,,,,,,,,,,,,,,,,,,,,,
,,279035,,Priapichthys annectens,,,Wind Turbine Road,,,,2022,June,,,YES,YES,7/11/22,Erik Johnson,2,42.6,,1.6654,1,2,10,7,YES,0.436,0.0176,0.0338,Wet,,,,,,,,,,,,,,,,,,,,,,,,,,,,,,,,,,,,,,,,,,,,,,,,,,,,,,,,,,,,,,,,,,,,,,,,,,,,,,,,,,,,,,,
,,279036,,Priapichthys annectens,,,Wind Turbine Road,,,,2022,June,,,YES,YES,7/11/22,Erik Johnson,2,47,,2.1536,1,1,6,17,YES,0.5872,0.063,,Wet,,,,,,,,,,,,,,,,,,,,,,,,,,,,,,,,,,,,,,,,,,,,,,,,,,,,,,,,,,,,,,,,,,,,,,,,,,,,,,,,,,,,,,,
,,279037,,Priapichthys annectens,,,Wind Turbine Road,,,,2022,June,,,YES,YES,7/11/22,Erik Johnson,2,41.6,,1.3391,1,1,7,4,YES,0.3763,0.0139,,Wet,,,,,,,,,,,,,,,,,,,,,,,,,,,,,,,,,,,,,,,,,,,,,,,,,,,,,,,,,,,,,,,,,,,,,,,,,,,,,,,,,,,,,,,
,,279038,,Priapichthys annectens,,,Wind Turbine Road,,,,2022,June,,,YES,YES,7/11/22,Erik Johnson,2,38.4,,1.1542,1,2,8,5,YES,0.2947,0.0108,0.0273,Wet,,,,,,,,,,,,,,,,,,,,,,,,,,,,,,,,,,,,,,,,,,,,,,,,,,,,,,,,,,,,,,,,,,,,,,,,,,,,,,,,,,,,,,,
,,279039,,Priapichthys annectens,,,Wind Turbine Road,,,,2022,June,,,YES,YES,7/11/22,Erik Johnson,2,37.3,,1.0202,1,2,10,10,YES,0.2499,0.0169,0.0264,Wet,,,,,,,,,,,,,,,,,,,,,,,,,,,,,,,,,,,,,,,,,,,,,,,,,,,,,,,,,,,,,,,,,,,,,,,,,,,,,,,,,,,,,,,
,,279040,,Priapichthys annectens,,,Wind Turbine Road,,,,2022,June,,,YES,YES,7/11/22,Erik Johnson,0,38.1,,1.1055,0,0,NA,NA,YES,0.3079,NA,,Wet,,,,,,,,,,,,,,,,,,,,,,,,,,,,,,,,,,,,,,,,,,,,,,,,,,,,,,,,,,,,,,,,,,,,,,,,,,,,,,,,,,,,,,,
,,279041,,Priapichthys annectens,,,Wind Turbine Road,,,,2022,June,,,YES,YES,7/11/22,Erik Johnson,2,37.7,,1.1142,1,1,8,4,YES,0.2839,0.014,,Wet,,,,,,,,,,,,,,,,,,,,,,,,,,,,,,,,,,,,,,,,,,,,,,,,,,,,,,,,,,,,,,,,,,,,,,,,,,,,,,,,,,,,,,,
,,279042,,Priapichthys annectens,,,Wind Turbine Road,,,,2022,June,,,YES,YES,7/11/22,Erik Johnson,2,39.8,,1.2641,1,1,8,13,YES,0.3297,0.0328,,Wet,,,,,,,,,,,,,,,,,,,,,,,,,,,,,,,,,,,,,,,,,,,,,,,,,,,,,,,,,,,,,,,,,,,,,,,,,,,,,,,,,,,,,,,
,,279043,,Priapichthys annectens,,,Wind Turbine Road,,,,2022,June,,,YES,YES,7/11/22,Erik Johnson,0,32.3,,0.5004,0,0,NA,NA,YES,0.1387,NA,,Wet,,,,,,,,,,,,,,,,,,,,,,,,,,,,,,,,,,,,,,,,,,,,,,,,,,,,,,,,,,,,,,,,,,,,,,,,,,,,,,,,,,,,,,,
,,279144,,Priapichthys annectens,,,Banana Grove,,,,2022,June,,,YES,YES,7/12/22,Erik Johnson,2,44.8,,1.7261,1,1,1,,YES,0.4199,0.0031,,Wet,,,,,,,,,,,,,,,,,,,,,,,,,,,,,,,,,,,,,,,,,,,,,,,,,,,,,,,,,,,,,,,,,,,,,,,,,,,,,,,,,,,,,,,
,,279145,,Priapichthys annectens,,,Banana Grove,,,,2022,June,,,YES,YES,7/12/22,Erik Johnson,2,53.8,,3.278,1,2,10,12,YES,0.7189,0.0535,0.0633,Wet,,,,,,,,,,,,,,,,,,,,,,,,,,,,,,,,,,,,,,,,,,,,,,,,,,,,,,,,,,,,,,,,,,,,,,,,,,,,,,,,,,,,,,,
,,279146,,Priapichthys annectens,,,Banana Grove,,,,2022,June,,,YES,YES,7/12/22,Erik Johnson,2,42.2,,1.587,1,1,10,5,YES,0.3438,0.0219,,Wet,,,,,,,,,,,,,,,,,,,,,,,,,,,,,,,,,,,,,,,,,,,,,,,,,,,,,,,,,,,,,,,,,,,,,,,,,,,,,,,,,,,,,,,
,,279147,,Priapichthys annectens,,,Banana Grove,,,,2022,June,,,YES,YES,7/12/22,Erik Johnson,2,41,,1.2995,1,1,1,,YES,0.2921,0.0043,,Wet,,,,,,,,,,,,,,,,,,,,,,,,,,,,,,,,,,,,,,,,,,,,,,,,,,,,,,,,,,,,,,,,,,,,,,,,,,,,,,,,,,,,,,,
,,279148,,Priapichthys annectens,,,Banana Grove,,,,2022,June,,,YES,YES,7/12/22,Erik Johnson,0,34.3,,0.7938,0,0,NA,NA,YES,0.2049,NA,,Wet,,,,,,,,,,,,,,,,,,,,,,,,,,,,,,,,,,,,,,,,,,,,,,,,,,,,,,,,,,,,,,,,,,,,,,,,,,,,,,,,,,,,,,,
,,279149,,Priapichthys annectens,,,Banana Grove,,,,2022,June,,,YES,YES,7/12/22,Erik Johnson,2,51.3,,2.9602,1,1,9,8,YES,0.6775,0.0368,,Wet,,,,,,,,,,,,,,,,,,,,,,,,,,,,,,,,,,,,,,,,,,,,,,,,,,,,,,,,,,,,,,,,,,,,,,,,,,,,,,,,,,,,,,,
,,279150,,Priapichthys annectens,,,Banana Grove,,,,2022,June,,,YES,YES,7/12/22,Erik Johnson,0,43.2,,1.4265,0,0,NA,NA,YES,0.3556,NA,,Wet,,,,,,,,,,,,,,,,,,,,,,,,,,,,,,,,,,,,,,,,,,,,,,,,,,,,,,,,,,,,,,,,,,,,,,,,,,,,,,,,,,,,,,,
,,279151,,Priapichthys annectens,,,Banana Grove,,,,2022,June,,,YES,YES,7/12/22,Erik Johnson,2,51,,2.6741,1,1,3,9,YES,0.6361,0.0609,,Wet,,,,,,,,,,,,,,,,,,,,,,,,,,,,,,,,,,,,,,,,,,,,,,,,,,,,,,,,,,,,,,,,,,,,,,,,,,,,,,,,,,,,,,,
,,279152,,Priapichthys annectens,,,Banana Grove,,,,2022,June,,,YES,YES,7/12/22,Erik Johnson,2,56.9,,3.4172,1,1,3,15,YES,0.8412,0.0956,,Wet,,,,,,,,,,,,,,,,,,,,,,,,,,,,,,,,,,,,,,,,,,,,,,,,,,,,,,,,,,,,,,,,,,,,,,,,,,,,,,,,,,,,,,,
,,279153,,Priapichthys annectens,,,Banana Grove,,,,2022,June,,,YES,YES,7/12/22,Erik Johnson,2,37.5,,0.9395,1,1,4,3,YES,0.2329,0.0193,,Wet,,,,,,,,,,,,,,,,,,,,,,,,,,,,,,,,,,,,,,,,,,,,,,,,,,,,,,,,,,,,,,,,,,,,,,,,,,,,,,,,,,,,,,,
,,279154,,Priapichthys annectens,,,Banana Grove,,,,2022,June,,,YES,YES,7/12/22,Erik Johnson,0,34.9,,0.7793,0,0,NA,NA,YES,0.1972,NA,,Wet,,,,,,,,,,,,,,,,,,,,,,,,,,,,,,,,,,,,,,,,,,,,,,,,,,,,,,,,,,,,,,,,,,,,,,,,,,,,,,,,,,,,,,,
,,279155,,Priapichthys annectens,,,Banana Grove,,,,2022,June,,,YES,YES,7/12/22,Erik Johnson,2,37.4,,0.984,1,1,10,2,YES,0.2336,0.0073,,Wet,,,,,,,,,,,,,,,,,,,,,,,,,,,,,,,,,,,,,,,,,,,,,,,,,,,,,,,,,,,,,,,,,,,,,,,,,,,,,,,,,,,,,,,
,,279156,,Priapichthys annectens,,,Banana Grove,,,,2022,June,,,YES,YES,7/12/22,Erik Johnson,2,49.8,,2.2901,1,1,6,13,YES,0.5294,0.0733,,Wet,,,,,,,,,,,,,,,,,,,,,,,,,,,,,,,,,,,,,,,,,,,,,,,,,,,,,,,,,,,,,,,,,,,,,,,,,,,,,,,,,,,,,,,
,,279157,,Priapichthys annectens,,,Banana Grove,,,,2022,June,,,YES,YES,7/12/22,Erik Johnson,2,52.7,,2.6992,1,1,1,,YES,0.643,0.0234,,Wet,,,,,,,,,,,,,,,,,,,,,,,,,,,,,,,,,,,,,,,,,,,,,,,,,,,,,,,,,,,,,,,,,,,,,,,,,,,,,,,,,,,,,,,
,,279158,,Priapichthys annectens,,,Banana Grove,,,,2022,June,,,YES,YES,7/12/22,Erik Johnson,0,37.6,,1.036,0,0,NA,NA,YES,0.2527,NA,,Wet,,,,,,,,,,,,,,,,,,,,,,,,,,,,,,,,,,,,,,,,,,,,,,,,,,,,,,,,,,,,,,,,,,,,,,,,,,,,,,,,,,,,,,,
,,279159,,Priapichthys annectens,,,Banana Grove,,,,2022,June,,,YES,YES,7/12/22,Erik Johnson,2,54.1,,3.2009,1,1,11,10,YES,0.747,0.0446,,Wet,,,,,,,,,,,,,,,,,,,,,,,,,,,,,,,,,,,,,,,,,,,,,,,,,,,,,,,,,,,,,,,,,,,,,,,,,,,,,,,,,,,,,,,
,,279160,,Priapichthys annectens,,,Banana Grove,,,,2022,June,,,YES,YES,7/12/22,Erik Johnson,0,40.8,,1.2753,0,0,NA,NA,YES,0.884,NA,,Wet,,,,,,,,,,,,,,,,,,,,,,,,,,,,,,,,,,,,,,,,,,,,,,,,,,,,,,,,,,,,,,,,,,,,,,,,,,,,,,,,,,,,,,,
,,279161,,Priapichthys annectens,,,Banana Grove,,,,2022,June,,,YES,YES,7/12/22,Erik Johnson,2,40.6,,1.3321,1,1,3,3,YES,0.3154,0.0199,,Wet,,,,,,,,,,,,,,,,,,,,,,,,,,,,,,,,,,,,,,,,,,,,,,,,,,,,,,,,,,,,,,,,,,,,,,,,,,,,,,,,,,,,,,,
,,279162,,Priapichthys annectens,,,Banana Grove,,,,2022,June,,,YES,YES,7/12/22,Erik Johnson,2,61.9,,4.4294,1,2,11,1,YES,1.0587,0.0035,0.132,Wet,,,,,,,,,,,,,,,,,,,,,,,,,,,,,,,,,,,,,,,,,,,,,,,,,,,,,,,,,,,,,,,,,,,,,,,,,,,,,,,,,,,,,,,
,,279163,,Priapichthys annectens,,,Banana Grove,,,,2022,June,,,YES,YES,7/12/22,Erik Johnson,2,38.7,,1.0924,1,1,10,3,YES,0.2585,0.0155,,Wet,,,,,,,,,,,,,,,,,,,,,,,,,,,,,,,,,,,,,,,,,,,,,,,,,,,,,,,,,,,,,,,,,,,,,,,,,,,,,,,,,,,,,,,
,,279164,,Priapichthys annectens,,,Banana Grove,,,,2022,June,,,YES,YES,7/12/22,Erik Johnson,2,48.5,,2.0065,1,1,7,7,YES,0.4722,0.0446,,Wet,,,,,,,,,,,,,,,,,,,,,,,,,,,,,,,,,,,,,,,,,,,,,,,,,,,,,,,,,,,,,,,,,,,,,,,,,,,,,,,,,,,,,,,
,,279165,,Priapichthys annectens,,,Banana Grove,,,,2022,June,,,YES,YES,7/12/22,Erik Johnson,0,38.4,,0.9936,0,0,NA,NA,YES,0.2465,NA,,Wet,,,,,,,,,,,,,,,,,,,,,,,,,,,,,,,,,,,,,,,,,,,,,,,,,,,,,,,,,,,,,,,,,,,,,,,,,,,,,,,,,,,,,,,
,,279166,,Priapichthys annectens,,,Banana Grove,,,,2022,June,,,YES,YES,7/12/22,Erik Johnson,2,45.7,,1.9371,1,1,9,5,YES,0.4765,0.027,,Wet,,,,,,,,,,,,,,,,,,,,,,,,,,,,,,,,,,,,,,,,,,,,,,,,,,,,,,,,,,,,,,,,,,,,,,,,,,,,,,,,,,,,,,,
,,279167,,Priapichthys annectens,,,Banana Grove,,,,2022,June,,,YES,YES,7/12/22,Erik Johnson,0,39.7,,1.0476,0,0,NA,NA,YES,0.2738,NA,,Wet,,,,,,,,,,,,,,,,,,,,,,,,,,,,,,,,,,,,,,,,,,,,,,,,,,,,,,,,,,,,,,,,,,,,,,,,,,,,,,,,,,,,,,,
,,279168,,Priapichthys annectens,,,Banana Grove,,,,2022,June,,,YES,YES,7/12/22,Erik Johnson,2,54,,3.5032,1,1,9,11,YES,0.7795,0.0567,,Wet,,,,,,,,,,,,,,,,,,,,,,,,,,,,,,,,,,,,,,,,,,,,,,,,,,,,,,,,,,,,,,,,,,,,,,,,,,,,,,,,,,,,,,,
,,279169,,Priapichthys annectens,,,Banana Grove,,,,2022,June,,,YES,YES,7/12/22,Erik Johnson,2,44.9,,1.7228,1,1,3,6,YES,0.3953,0.0515,,Wet,,,,,,,,,,,,,,,,,,,,,,,,,,,,,,,,,,,,,,,,,,,,,,,,,,,,,,,,,,,,,,,,,,,,,,,,,,,,,,,,,,,,,,,
,,279170,,Priapichthys annectens,,,Banana Grove,,,,2022,June,,,YES,YES,7/12/22,Erik Johnson,2,51.5,,2.5128,1,1,8,14,YES,0.5795,0.0649,,Wet,,,,,,,,,,,,,,,,,,,,,,,,,,,,,,,,,,,,,,,,,,,,,,,,,,,,,,,,,,,,,,,,,,,,,,,,,,,,,,,,,,,,,,,
,,279171,,Priapichthys annectens,,,Banana Grove,,,,2022,June,,,YES,YES,7/12/22,Erik Johnson,2,49.1,,2.3284,1,1,9,7,YES,0.5565,0.0365,,Wet,,,,,,,,,,,,,,,,,,,,,,,,,,,,,,,,,,,,,,,,,,,,,,,,,,,,,,,,,,,,,,,,,,,,,,,,,,,,,,,,,,,,,,,
,,279288,,Priapichthys annectens,,,Vuelta del Barracho,,,,2022,June,,,YES,YES,7/14/22,Erik Johnson,2,50,,2.1724,1,1,4,6,YES,0.5102,0.0376,,Wet,,,,,,,,,,,,,,,,,,,,,,,,,,,,,,,,,,,,,,,,,,,,,,,,,,,,,,,,,,,,,,,,,,,,,,,,,,,,,,,,,,,,,,,
,,279289,,Priapichthys annectens,,,Vuelta del Barracho,,,,2022,June,,,YES,YES,7/14/22,Erik Johnson,0,38,,0.9661,0,0,NA,NA,YES,0.2524,NA,,Wet,,,,,,,,,,,,,,,,,,,,,,,,,,,,,,,,,,,,,,,,,,,,,,,,,,,,,,,,,,,,,,,,,,,,,,,,,,,,,,,,,,,,,,,
,,279290,,Priapichthys annectens,,,Vuelta del Barracho,,,,2022,June,,,YES,YES,7/14/22,Erik Johnson,2,53.2,,2.8481,1,1,6,18,YES,0.6752,0.1043,,Wet,,,,,,,,,,,,,,,,,,,,,,,,,,,,,,,,,,,,,,,,,,,,,,,,,,,,,,,,,,,,,,,,,,,,,,,,,,,,,,,,,,,,,,,
,,279291,,Priapichthys annectens,,,Vuelta del Barracho,,,,2022,June,,,YES,YES,7/14/22,Erik Johnson,2,46.5,,2.0362,1,1,9,8,YES,0.4622,0.0355,,Wet,,,,,,,,,,,,,,,,,,,,,,,,,,,,,,,,,,,,,,,,,,,,,,,,,,,,,,,,,,,,,,,,,,,,,,,,,,,,,,,,,,,,,,,
,,279292,,Priapichthys annectens,,,Vuelta del Barracho,,,,2022,June,,,YES,YES,7/14/22,Erik Johnson,2,52.1,,3.1117,1,1,10,10,YES,0.6423,0.0531,,Wet,,,,,,,,,,,,,,,,,,,,,,,,,,,,,,,,,,,,,,,,,,,,,,,,,,,,,,,,,,,,,,,,,,,,,,,,,,,,,,,,,,,,,,,
,,279293,,Priapichthys annectens,,,Vuelta del Barracho,,,,2022,June,,,YES,YES,7/14/22,Erik Johnson,2,58.2,,3.4245,1,1,6,16,YES,0.8072,0.1046,,Wet,,,,,,,,,,,,,,,,,,,,,,,,,,,,,,,,,,,,,,,,,,,,,,,,,,,,,,,,,,,,,,,,,,,,,,,,,,,,,,,,,,,,,,,
,,279294,,Priapichthys annectens,,,Vuelta del Barracho,,,,2022,June,,,YES,YES,7/14/22,Erik Johnson,0,38.6,,1.0936,0,0,NA,NA,YES,0.248,NA,,Wet,,,,,,,,,,,,,,,,,,,,,,,,,,,,,,,,,,,,,,,,,,,,,,,,,,,,,,,,,,,,,,,,,,,,,,,,,,,,,,,,,,,,,,,
,,279295,,Priapichthys annectens,,,Vuelta del Barracho,,,,2022,June,,,YES,YES,7/14/22,Erik Johnson,2,43.8,,1.5212,1,1,7,3,YES,0.3699,0.0115,,Wet,,,,,,,,,,,,,,,,,,,,,,,,,,,,,,,,,,,,,,,,,,,,,,,,,,,,,,,,,,,,,,,,,,,,,,,,,,,,,,,,,,,,,,,
,,279296,,Priapichthys annectens,,,Vuelta del Barracho,,,,2022,June,,,YES,YES,7/14/22,Erik Johnson,2,42.2,,1.384,1,1,6,4,YES,0.3297,0.0157,,Wet,,,,,,,,,,,,,,,,,,,,,,,,,,,,,,,,,,,,,,,,,,,,,,,,,,,,,,,,,,,,,,,,,,,,,,,,,,,,,,,,,,,,,,,
,,279297,,Priapichthys annectens,,,Vuelta del Barracho,,,,2022,June,,,YES,YES,7/14/22,Erik Johnson,2,41,,1.2676,1,1,3,7,YES,0.2836,0.0266,,Wet,,,,,,,,,,,,,,,,,,,,,,,,,,,,,,,,,,,,,,,,,,,,,,,,,,,,,,,,,,,,,,,,,,,,,,,,,,,,,,,,,,,,,,,
,,279298,,Priapichthys annectens,,,Vuelta del Barracho,,,,2022,June,,,YES,YES,7/14/22,Erik Johnson,0,33.9,,0.6715,0,0,NA,NA,YES,0.1545,NA,,Wet,,,,,,,,,,,,,,,,,,,,,,,,,,,,,,,,,,,,,,,,,,,,,,,,,,,,,,,,,,,,,,,,,,,,,,,,,,,,,,,,,,,,,,,
,,279299,,Priapichthys annectens,,,Vuelta del Barracho,,,,2022,June,,,YES,YES,7/14/22,Erik Johnson,2,38.9,,1.1156,1,1,1,,YES,0.2694,0.0059,,Wet,,,,,,,,,,,,,,,,,,,,,,,,,,,,,,,,,,,,,,,,,,,,,,,,,,,,,,,,,,,,,,,,,,,,,,,,,,,,,,,,,,,,,,,
,,279300,,Priapichthys annectens,,,Vuelta del Barracho,,,,2022,June,,,YES,YES,7/14/22,Erik Johnson,0,36.6,,0.9026,0,0,NA,NA,YES,0.2186,NA,,Wet,,,,,,,,,,,,,,,,,,,,,,,,,,,,,,,,,,,,,,,,,,,,,,,,,,,,,,,,,,,,,,,,,,,,,,,,,,,,,,,,,,,,,,,
,,279301,,Priapichthys annectens,,,Vuelta del Barracho,,,,2022,June,,,YES,YES,7/14/22,Erik Johnson,0,35,,0.8185,0,0,NA,NA,YES,0.1844,NA,,Wet,,,,,,,,,,,,,,,,,,,,,,,,,,,,,,,,,,,,,,,,,,,,,,,,,,,,,,,,,,,,,,,,,,,,,,,,,,,,,,,,,,,,,,,
,,279302,,Priapichthys annectens,,,Vuelta del Barracho,,,,2022,June,,,YES,YES,7/14/22,Erik Johnson,0,35.6,,0.8109,0,0,NA,NA,YES,0.1864,NA,,Wet,,,,,,,,,,,,,,,,,,,,,,,,,,,,,,,,,,,,,,,,,,,,,,,,,,,,,,,,,,,,,,,,,,,,,,,,,,,,,,,,,,,,,,,
,,279303,,Priapichthys annectens,,,Vuelta del Barracho,,,,2022,June,,,YES,YES,7/14/22,Erik Johnson,0,36,,0.8108,0,0,NA,NA,YES,0.1928,NA,,Wet,,,,,,,,,,,,,,,,,,,,,,,,,,,,,,,,,,,,,,,,,,,,,,,,,,,,,,,,,,,,,,,,,,,,,,,,,,,,,,,,,,,,,,,